0,-1016515174,1,82.0,494,0,0,5,0,1,1,5,2,1,1,2,0,1,2,1,2,0,5,5,0,1,5,5,5,1,2,5,1,0,1,2,2,1,1,2,5,5,5,2,2,2,5,0,2,5,0,0,2,5,0,5,2,5,5,5,1,2,2,5,2,0,0,1,0,0,1,5,0,0,0,1,5,1,0,5,1,5,2,1,2,2,2,2,5,5,2,2,2,2,2,5,0,5,5,0,5,5,5,2,5,2,0,1,5,2,5,5,2,0,5,1,5,5,0,5,0,1,2,5,1,5,1,1,5,0,2,5,0,1,0,5,1,0,2,5,5,0,2,5,1,0,0,2,0,5,2,5,2,5,5,5,5,0,0,5,1,2,0,0,2,1,0,5,0,5,1,0,5,0,5,0,5,0,5,0,5,1,0,2,1,2,2,1,5,1,5,1,2,0,5,5,1,2,1,5,0,0,2,1,2,2,5,1,1,5,5,1,0,5,0,1,5,1,1,1,1,5,2,2,0,2,5,1,5,5,5,1,5,0,1,2,2,1,2,5,2,2,2,5,0,1,1,5,1,0,2,5,2,1,1,5,0,5,1,0,2,5,5,5,5,1,5,1,0,2,0,0,1,1,0,5,1,0,0,5,2,5,5,0,0,0,2,5,1,5,5,1,5,2,1,0,0,5,0,1,5,1,1,1,1,1,0,1,5,0,1,1,5,0,1,5,5,1,2,5,5,5,5,1,5,5,1,5,5,5,2,2,2,5,5,2,2,1,5,0,1,5,1,0,1,1,2,5,5,2,0,2,2,2,0,0,0,1,5,0,5,0,1,0,0,2,5,1,5,2,1,0,1,1,1,5,0,1,1,0,2,0,5,5,0,1,0,0,5,2,1,5,5,1,0,2,5,5,0,2,5,1,5,2,1,2,0,5,2,2,5,2,1,5,1,1,0,0,2,0,2,2,0,0,2,0,0,2,2,5,0,5,2,2,1,2,0,1,2,0,5,5,2,5,2,1,1,2,2,1,5,1,0,0,5,2,1,1,1,2,1,0,0,0,2,2,5,1,1,0,2,5,5,1,2,0,1,0,1,5,1,5,2,2,5,2,2,2,1,2,1,5,2,0,2,2,5,0,2,0,
0,-1026126146,1,79.0,529,5,1,2,5,5,5,5,2,2,1,2,1,2,5,0,0,5,0,1,5,1,0,1,1,1,5,1,2,2,5,5,0,0,2,5,1,1,5,5,5,1,0,5,2,0,5,0,2,2,5,2,2,5,2,2,5,1,5,5,5,1,5,5,0,2,2,5,1,1,0,2,0,1,1,1,1,5,1,1,1,2,5,5,2,1,0,0,2,0,1,0,2,5,1,5,1,1,1,2,0,2,1,1,1,1,5,1,1,5,5,1,5,2,1,5,2,0,2,0,5,2,1,0,0,0,5,1,5,1,1,5,0,0,5,2,2,5,0,2,2,5,0,5,5,0,5,2,1,5,0,5,5,5,1,5,5,2,1,2,2,1,1,5,1,2,2,1,0,2,2,2,0,0,5,0,5,5,2,0,1,0,2,5,5,1,5,0,5,2,5,1,1,5,5,0,0,2,5,5,0,5,2,2,0,2,0,1,1,0,5,2,0,5,1,0,1,5,2,1,5,2,0,2,5,1,0,2,5,2,1,2,5,5,1,5,5,0,5,1,2,5,1,1,1,5,1,0,2,0,5,1,0,1,2,5,2,0,0,0,0,2,5,0,1,2,1,2,5,2,1,0,2,0,5,1,5,0,1,2,1,2,2,0,0,2,5,0,1,2,5,5,0,2,0,5,5,1,5,2,2,1,2,5,2,5,0,0,1,2,2,2,5,0,2,1,1,5,0,5,2,2,2,1,0,2,5,1,5,0,5,2,2,0,5,2,2,2,5,5,2,1,5,2,2,0,2,2,5,5,5,0,0,5,5,1,5,2,5,2,2,1,5,1,1,5,2,0,1,1,5,1,5,0,0,2,0,2,1,5,2,0,2,0,0,2,1,5,1,1,2,5,5,2,5,5,5,2,2,5,2,0,1,1,5,1,0,0,1,2,0,1,2,2,5,0,1,5,2,2,5,5,2,0,2,2,5,1,5,0,1,0,1,1,0,1,1,0,5,1,2,5,0,2,0,1,1,5,2,0,1,5,5,2,2,5,2,1,1,2,0,2,0,0,5,0,1,1,5,5,2,5,5,0,1,1,2,2,1,1,5,0,5,5,0,5,0,5,2,2,2,1,1,5,5,2,5,1,5,2,5,5,1,2,5,0,2,0,1,5,1,0,0,5,2,1,1,2,0,1,2,1,1,1,5,1,5,1,1,5,1,
0,-1169143084,1,71.0,447,5,0,5,2,2,5,5,5,2,5,5,1,0,5,1,0,5,5,5,1,1,5,5,1,5,1,1,5,5,0,5,2,0,5,5,5,2,2,1,2,5,1,5,0,5,5,0,2,2,2,5,1,5,5,5,2,0,0,2,1,0,2,2,0,0,0,5,0,2,2,2,2,5,5,0,2,5,2,5,0,2,5,1,5,2,5,5,1,0,5,5,2,5,5,1,0,1,0,5,1,5,5,2,1,0,2,5,5,5,5,2,0,2,5,0,1,2,0,2,2,5,1,5,0,5,5,2,5,1,2,1,2,1,1,2,2,1,5,5,5,1,2,5,0,5,1,2,0,5,5,0,2,0,1,2,1,1,1,5,2,0,1,0,0,2,5,5,5,2,5,2,5,5,5,0,2,5,5,1,1,5,5,0,1,0,0,1,1,1,5,5,5,0,0,0,0,1,5,1,0,1,0,2,5,5,2,2,0,5,5,0,2,0,5,2,5,2,0,5,2,2,1,1,2,5,5,1,0,2,2,2,0,5,5,0,0,5,0,0,0,5,1,2,0,5,2,0,2,2,5,0,1,5,1,5,0,5,1,0,0,0,2,1,0,1,2,5,2,0,5,1,5,2,2,2,2,0,0,0,0,1,2,0,1,2,1,0,5,5,1,1,5,0,5,0,2,5,5,5,5,1,0,2,1,2,2,1,1,1,1,1,5,5,0,5,1,5,0,0,1,0,0,5,5,1,1,2,2,0,1,2,2,0,2,0,1,1,2,5,0,2,5,0,5,1,1,0,5,5,5,0,0,2,5,5,0,2,0,1,1,1,1,0,1,2,1,1,5,5,2,0,1,1,2,1,1,1,1,0,5,2,5,1,2,5,1,5,5,1,0,1,0,0,2,5,1,2,0,2,2,0,5,2,0,2,5,0,0,2,0,1,2,2,2,2,5,5,5,0,1,0,0,5,1,5,2,2,5,1,2,5,2,2,1,0,1,0,2,5,5,1,0,0,2,2,1,5,2,
0,-1284278324,1,67.0,515,5,0,2,2,0,1,2,0,5,2,5,0,1,5,1,5,0,5,0,2,5,1,5,1,5,1,5,1,0,1,0,0,1,5,5,0,5,0,2,5,2,5,0,1,0,5,0,2,1,0,2,2,2,1,0,5,0,0,5,1,2,2,1,1,0,5,5,2,2,0,2,5,2,0,2,5,1,0,0,0,1,0,5,1,1,5,5,2,1,1,2,0,1,1,5,5,2,1,5,0,1,2,0,2,1,1,0,1,1,0,1,1,1,5,1,5,1,5,5,2,0,1,1,5,5,0,1,5,2,2,5,2,1,5,0,1,5,0,0,5,5,2,5,0,2,1,1,5,2,2,2,0,0,1,0,0,2,1,1,1,1,1,5,0,2,2,1,2,2,0,5,2,1,2,0,0,2,1,0,5,1,0,1,2,5,5,0,5,1,0,1,1,2,2,0,2,0,1,5,0,5,2,2,2,0,2,0,0,0,2,0,5,0,0,1,2,0,5,2,2,2,1,5,5,0,2,5,1,1,5,2,1,2,1,0,2,2,1,0,5,1,5,2,2,1,5,2,2,0,2,2,5,2,0,2,2,5,2,1,1,1,2,2,0,1,1,0,5,2,1,2,1,5,5,2,5,1,2,5,5,1,1,1,2,0,1,5,1,0,0,0,2,0,2,5,1,5,5,0,0,5,2,5,0,2,1,1,0,5,2,5,1,5,0,5,5,1,1,1,0,0,2,5,0,2,0,0,0,2,1,2,5,0,1,2,5,0,5,2,0,0,5,1,0,1,1,5,5,2,1,5,2,0,5,5,5,0,0,1,0,2,0,5,2,5,5,5,1,2,1,2,2,2,0,5,0,1,1,1,5,2,1,0,1,1,2,5,5,1,2,5,1,1,2,1,2,0,1,5,5,5,0,1,0,1,5,5,0,5,0,5,0,0,0,2,5,5,5,0,1,0,2,5,0,2,2,2,1,5,2,1,1,2,0,5,2,1,1,1,2,5,1,1,1,2,1,5,2,5,1,0,0,5,5,2,5,1,0,5,2,2,2,0,2,1,5,1,0,5,1,5,1,1,2,5,2,5,5,1,5,0,5,5,0,0,1,2,1,0,1,1,5,0,5,5,2,0,0,5,1,1,5,5,1,5,5,2,5,1,1,0,5,0,1,0,0,
0,-1309155651,1,81.0,521,0,1,5,5,1,5,5,2,1,0,1,5,1,0,5,5,2,5,0,5,5,0,5,0,2,5,5,5,5,2,2,5,2,0,0,5,2,5,5,5,2,5,0,5,0,1,5,5,0,5,0,5,0,1,1,5,1,5,2,1,1,0,2,5,1,1,0,0,1,2,1,5,2,2,1,0,1,0,5,1,1,5,2,2,2,1,2,5,5,1,1,1,1,0,1,1,0,5,1,5,5,1,5,5,5,2,0,1,2,1,5,1,5,0,1,5,5,5,0,2,5,0,5,5,1,0,1,5,5,1,2,0,1,1,1,2,0,0,5,2,2,5,5,2,0,2,0,2,2,5,1,5,1,0,0,2,0,1,0,1,0,1,2,1,2,5,0,2,0,1,0,5,5,1,1,5,5,2,1,5,0,5,1,1,1,2,0,0,1,0,5,1,2,0,2,2,2,0,0,5,5,0,1,1,0,1,2,5,0,2,1,1,5,2,2,5,1,0,0,1,2,2,1,5,1,5,1,5,2,0,2,0,0,1,1,5,2,0,5,0,5,0,0,5,1,5,5,2,0,2,0,0,0,2,1,0,5,0,5,1,0,5,1,5,2,1,2,0,0,2,0,5,5,2,0,1,5,0,5,0,5,2,0,5,5,0,5,5,0,2,2,0,5,0,0,5,5,2,0,1,1,0,5,0,0,1,2,2,5,2,2,0,2,5,5,0,2,5,5,2,5,2,0,1,2,1,0,1,2,2,0,5,0,2,1,1,2,0,2,1,1,0,2,1,5,1,1,0,0,1,5,1,0,0,5,2,2,2,5,5,5,2,5,5,0,1,2,0,2,1,2,5,2,1,0,0,0,2,1,2,0,2,2,5,5,0,2,5,5,1,5,2,0,1,1,0,1,5,2,0,5,1,0,5,2,2,0,2,5,2,5,1,5,5,2,0,1,5,2,2,2,5,5,2,5,2,2,2,1,0,5,5,2,5,5,2,2,0,0,5,2,5,1,0,2,0,0,5,1,5,1,5,2,0,2,5,5,2,5,5,2,5,1,5,2,1,0,5,0,2,2,0,0,1,0,0,2,1,5,0,1,2,1,0,1,0,1,2,5,5,0,1,1,0,1,1,1,2,1,0,1,1,5,0,0,5,0,0,1,0,0,1,5,1,0,5,0,1,0,5,0,0,
0,-141750379,1,73.0,544,5,5,2,5,5,2,5,1,5,0,2,0,5,5,5,5,1,1,1,5,5,0,1,5,1,1,0,5,1,2,5,0,2,0,0,5,2,0,1,5,2,5,1,5,2,2,2,5,1,5,1,5,5,2,0,5,2,1,1,2,2,0,0,2,2,0,2,0,5,0,5,0,2,2,0,2,2,0,5,0,0,5,2,5,0,5,2,5,0,5,0,2,5,1,2,5,0,1,1,2,1,0,5,0,2,2,2,5,1,0,5,2,2,1,1,5,2,5,0,1,1,5,1,2,1,0,0,5,0,0,5,2,5,2,2,2,2,5,1,5,1,5,5,0,2,5,5,0,0,1,0,5,2,0,5,0,1,5,2,1,2,2,5,5,1,0,0,1,2,5,1,1,5,1,5,1,5,0,0,5,2,0,5,1,2,5,0,5,2,5,1,2,5,2,5,5,0,1,0,2,0,2,2,2,1,5,0,5,1,2,5,0,1,0,1,0,5,1,0,2,0,0,2,5,1,1,2,0,1,5,1,5,0,2,0,2,0,1,0,5,5,0,1,1,2,1,1,5,0,0,2,2,2,1,5,0,5,2,0,5,0,5,2,2,0,2,5,5,1,2,2,1,0,2,0,5,5,1,1,0,2,5,1,1,1,2,0,0,1,0,5,1,2,0,1,1,1,5,0,5,2,1,1,1,0,1,1,2,0,1,2,5,1,5,0,1,2,2,1,2,5,1,1,1,2,5,5,0,1,0,5,1,1,2,2,0,5,0,2,5,5,5,0,1,2,0,5,0,2,2,5,1,5,0,2,1,2,0,5,0,1,5,2,1,2,1,1,5,0,0,0,2,2,2,0,1,0,0,2,5,1,2,5,5,1,0,0,2,2,0,2,5,1,5,0,2,0,5,5,5,5,2,1,0,1,2,2,5,1,5,2,5,5,0,0,0,2,2,2,2,5,1,0,1,2,2,5,0,1,1,5,2,1,0,5,0,5,5,5,2,0,5,1,1,0,5,1,0,1,0,0,5,0,5,2,1,2,2,0,1,5,5,5,5,1,5,5,2,0,5,1,0,2,5,5,0,0,1,1,1,2,1,0,5,1,5,0,0,5,0,5,5,5,5,1,2,1,1,1,1,0,2,1,5,1,0,1,2,0,5,0,5,0,1,5,5,1,1,5,1,5,2,5,1,1,5,0,0,1,1,0,5,0,5,5,0,1,2,5,5,1,0,5,0,0,
0,-1598383477,1,73.0,527,5,1,1,5,2,1,1,1,5,2,2,5,1,0,5,1,2,5,5,5,0,5,5,2,2,2,2,5,2,2,1,5,5,2,5,1,5,1,2,0,5,1,0,0,2,1,5,5,0,1,1,5,1,2,5,0,0,0,2,5,2,5,2,2,5,1,1,1,1,0,2,1,2,1,1,1,2,0,2,2,1,0,0,2,1,0,1,2,1,1,0,1,2,0,1,5,0,0,1,1,0,1,1,1,5,5,5,0,0,1,0,5,5,1,5,0,0,5,5,1,0,5,1,5,5,1,2,0,5,0,0,2,2,2,5,0,5,5,5,2,2,1,1,1,5,0,5,5,5,1,1,1,5,5,0,5,2,0,5,1,1,1,0,5,2,2,0,2,1,1,0,5,5,1,1,5,1,1,1,1,1,5,1,0,2,5,1,1,0,0,5,1,2,5,2,0,5,0,1,0,2,2,0,2,5,5,5,5,2,1,5,2,5,0,0,1,0,5,5,0,2,1,2,2,5,0,5,1,0,5,1,1,2,0,5,2,1,5,5,2,2,5,5,1,2,1,2,5,0,2,0,2,0,5,2,0,2,1,5,1,5,5,5,2,1,5,0,0,1,1,0,2,5,1,2,1,0,1,0,0,2,2,2,1,0,5,1,2,1,5,0,5,1,5,0,5,1,2,2,2,5,1,1,5,1,1,0,0,1,2,2,5,1,2,0,0,5,5,2,0,2,1,1,0,1,0,5,0,2,5,5,2,5,2,0,2,5,2,1,1,0,5,1,2,1,0,5,2,1,0,5,5,2,2,5,5,5,2,0,2,5,2,0,1,1,5,5,2,2,1,1,2,1,2,1,5,5,1,5,2,0,0,2,1,0,5,5,0,5,1,1,5,1,1,1,0,1,2,1,1,0,2,0,5,1,5,1,0,5,2,5,5,2,1,1,5,5,5,5,2,1,1,1,0,0,2,1,1,1,5,5,0,0,2,0,2,5,1,5,5,1,1,5,2,1,0,2,2,0,1,0,2,5,1,0,5,1,0,1,0,0,0,5,1,5,5,2,5,2,1,1,0,5,0,0,1,5,1,1,0,5,1,0,1,1,1,5,2,2,5,2,0,5,0,0,5,0,5,1,5,1,0,0,1,2,1,5,1,2,2,5,5,5,0,1,1,5,2,1,5,2,2,0,2,0,2,2,5,
0,-220673684,1,76.0,496,5,5,5,0,5,0,1,5,5,0,1,5,1,1,2,1,2,5,1,5,5,5,0,5,2,5,2,1,5,5,2,0,5,1,2,2,2,2,2,0,2,5,5,5,2,2,2,2,5,5,5,2,5,5,2,2,5,2,5,5,5,1,0,5,5,0,1,5,0,5,0,0,5,1,0,5,5,1,0,2,0,2,1,0,5,1,2,5,2,2,5,1,5,0,5,5,5,2,1,0,5,2,0,5,2,5,1,2,2,2,5,2,5,1,0,1,2,0,5,5,0,5,2,5,1,0,5,2,2,5,1,1,5,5,2,2,5,1,5,1,2,1,0,5,5,1,2,0,1,5,2,1,1,2,0,2,2,0,0,0,1,5,2,0,0,5,1,0,2,2,1,1,2,5,5,5,1,1,2,1,5,0,0,0,5,1,0,5,1,5,2,5,5,0,1,0,0,5,2,5,1,0,0,2,5,5,0,2,0,2,0,5,1,1,2,0,1,0,0,2,5,0,5,5,2,2,5,5,2,2,2,1,5,2,2,5,0,1,5,0,1,2,0,1,5,2,5,0,5,2,0,2,1,2,1,5,5,5,2,5,2,0,0,0,1,2,5,2,1,1,1,0,0,0,2,1,5,2,2,5,2,1,1,1,2,5,2,2,2,0,0,1,1,1,5,2,2,2,5,1,1,5,5,0,0,1,0,5,0,1,1,1,5,1,2,0,2,1,5,5,0,2,0,0,5,1,0,0,2,5,2,0,5,2,5,5,1,5,5,1,1,5,0,5,1,1,1,1,1,1,5,2,2,1,5,5,5,0,1,5,0,5,5,1,1,0,5,5,2,1,0,5,1,5,0,1,5,0,5,1,0,2,5,5,5,0,1,1,5,1,0,1,0,1,0,2,1,0,1,5,5,1,0,5,0,2,2,5,0,1,2,1,1,5,1,0,1,0,1,5,0,0,5,5,2,5,0,2,5,0,0,2,5,1,5,0,0,2,5,1,5,2,2,0,0,1,0,5,5,5,5,0,2,2,2,2,0,1,1,1,5,2,5,0,0,2,0,1,1,2,5,2,2,1,1,0,5,2,2,5,5,1,0,5,5,0,5,0,5,1,0,2,0,1,5,5,5,
0,-977151167,1,69.0,396,5,5,2,5,1,1,5,2,5,5,5,5,5,2,2,5,2,5,1,5,1,2,1,0,5,1,0,1,5,0,1,1,5,1,5,0,5,5,2,5,2,1,5,0,2,0,5,5,5,0,0,2,0,2,1,2,1,1,5,0,1,1,2,2,1,1,1,0,5,5,5,1,2,2,1,0,5,1,2,5,5,5,5,5,5,0,2,1,2,5,1,0,1,0,2,5,0,1,5,1,1,0,1,0,0,1,5,5,1,5,5,2,5,2,5,5,5,1,1,5,1,5,1,5,2,5,2,1,1,5,1,0,1,0,5,5,1,5,1,5,0,0,1,5,5,5,2,0,1,5,1,2,5,2,5,2,5,5,5,1,1,2,5,2,5,0,2,5,0,5,0,2,0,2,1,2,0,5,2,1,1,5,1,1,2,2,0,5,1,5,5,0,1,0,5,1,2,1,2,2,5,1,2,0,5,1,5,0,0,0,2,0,0,0,5,5,5,0,5,0,1,1,5,2,0,0,5,1,1,2,2,2,0,2,1,1,5,0,0,1,0,1,2,2,5,2,1,0,2,1,5,0,2,1,2,5,0,2,2,0,2,5,2,5,1,2,5,5,1,5,5,2,5,2,0,5,2,2,2,5,2,0,1,2,1,0,1,5,0,1,0,2,0,5,1,2,5,1,2,5,1,0,0,5,0,2,5,1,5,2,2,2,5,1,1,5,1,1,1,0,2,2,0,2,5,1,5,5,5,2,5,2,2,5,1,1,5,5,0,1,5,5,0,2,0,5,1,2,2,1,5,5,5,5,0,0,2,2,5,5,5,1,5,0,2,0,2,5,1,1,0,5,2,5,5,5,0,2,1,0,2,5,0,0,1,2,1,2,5,2,1,5,1,2,0,1,5,
0,1066006998,1,80.0,575,2,5,2,5,2,5,0,5,0,1,5,1,5,5,1,0,1,5,2,5,5,1,1,5,5,2,0,2,1,5,5,1,0,2,1,1,5,5,1,5,0,5,2,0,5,2,1,5,1,1,2,2,1,0,5,2,2,0,1,1,0,5,5,5,0,2,2,5,0,5,1,2,1,1,2,2,0,5,5,5,1,1,1,2,2,2,5,5,2,2,5,5,2,0,2,5,5,0,5,2,1,5,0,5,1,1,2,0,1,1,1,2,1,0,2,1,0,1,5,5,5,0,1,5,2,1,2,5,5,0,5,2,5,2,1,1,0,2,0,2,5,5,1,1,0,0,5,5,0,1,5,1,0,0,0,2,0,2,1,1,5,0,2,5,0,2,0,0,1,0,5,0,5,1,1,2,0,1,0,2,1,0,1,1,0,0,0,1,0,5,5,0,5,5,1,5,5,1,5,2,2,1,5,1,5,1,1,5,5,0,5,2,5,5,5,5,1,2,5,2,1,2,0,1,2,5,2,5,0,1,2,0,5,0,5,1,1,1,2,0,1,1,2,1,0,0,5,2,2,5,5,1,0,1,1,1,1,1,5,2,0,5,0,0,0,0,2,5,0,2,5,0,1,5,1,2,1,2,0,0,5,0,2,2,1,0,2,0,5,2,1,5,0,0,5,0,2,0,1,1,5,5,1,0,2,2,2,5,2,5,5,1,5,0,0,0,0,1,1,2,2,2,0,0,0,1,2,2,2,5,2,5,0,5,5,1,2,2,2,0,1,0,5,1,1,1,0,0,5,2,2,1,2,2,5,0,2,1,1,0,5,5,2,1,2,5,5,2,0,5,2,5,1,1,1,1,0,2,0,2,2,1,5,5,2,2,5,0,0,1,5,2,1,2,0,1,0,5,2,2,0,0,2,5,5,5,2,5,2,5,2,1,0,1,0,2,2,2,1,0,5,5,2,0,0,2,2,0,0,2,2,2,2,5,2,5,2,5,2,5,1,5,5,0,5,1,0,0,1,5,1,0,1,2,2,1,5,5,5,1,2,2,0,2,5,2,0,2,5,0,2,2,5,1,2,5,5,5,5,5,0,5,1,0,2,1,5,0,1,1,5,5,5,0,5,5,1,0,1,1,0,1,5,5,5,0,0,1,2,5,0,1,5,5,5,0,0,1,1,5,5,0,0,0,0,5,1,5,5,1,2,1,2,1,2,2,1,1,2,2,1,0,5,2,1,0,1,2,5,2,0,5,5,2,5,2,1,5,1,0,0,1,5,5,5,1,1,0,5,5,2,0,1,1,5,5,
0,1147375153,1,71.0,486,2,5,0,1,5,1,1,1,5,1,5,1,2,5,2,5,5,2,1,5,5,1,2,2,0,2,5,5,1,5,0,0,5,5,5,2,5,2,2,2,2,5,1,5,0,5,5,2,1,0,5,0,0,1,5,1,5,0,0,5,5,5,5,1,0,5,0,0,1,0,1,5,2,2,5,5,2,2,5,1,1,5,2,5,5,0,2,2,2,5,2,1,1,2,5,1,5,1,2,2,2,0,5,1,0,2,1,2,0,1,1,2,2,2,2,2,2,5,0,2,5,2,5,2,5,5,5,5,1,5,1,5,5,1,1,0,5,2,0,5,1,0,0,5,0,2,5,5,5,2,5,5,5,0,5,0,0,0,2,5,1,5,5,5,2,1,0,0,5,5,2,1,2,0,2,0,5,5,1,0,5,0,0,0,5,5,1,1,5,2,1,2,5,0,1,0,0,2,1,2,1,2,0,5,2,2,2,1,2,1,0,2,0,1,5,0,2,2,5,1,5,1,2,0,0,2,0,1,5,5,1,2,5,1,0,0,1,5,2,5,5,1,2,1,1,2,2,5,1,5,0,5,0,0,5,5,2,5,1,0,5,1,2,2,0,5,2,5,0,0,5,0,5,5,1,2,5,0,0,5,5,2,5,1,5,1,1,5,5,5,2,1,0,1,2,1,0,2,0,0,2,5,5,2,0,1,0,5,0,5,0,5,0,1,5,2,2,5,1,5,5,1,0,0,1,2,2,5,1,5,2,5,0,2,1,5,5,0,0,1,5,5,0,2,1,0,2,5,1,1,2,2,5,5,5,5,2,1,5,1,0,0,2,1,0,5,1,1,0,5,2,0,5,2,2,5,0,2,1,0,5,2,0,5,1,0,1,0,2,1,1,5,1,2,2,1,5,0,0,0,0,5,2,1,5,0,5,0,0,5,2,0,2,0,0,0,0,5,0,2,2,1,5,2,5,2,0,5,5,0,0,1,1,1,0,2,1,1,1,1,1,5,0,5,2,2,5,0,1,1,2,5,5,2,2,5,1,5,1,1,0,1,0,1,1,1,1,0,5,0,0,0,5,0,5,1,2,2,0,0,5,2,5,0,5,1,2,
0,1263257549,1,70.0,605,2,5,5,2,5,5,2,0,5,5,5,0,1,5,0,1,0,5,1,1,1,5,1,1,5,5,5,5,2,5,2,1,5,2,5,2,5,0,1,5,5,5,2,2,5,0,1,0,5,5,5,2,5,5,2,1,0,1,2,1,2,2,1,2,0,2,5,1,0,0,2,0,5,0,2,2,1,1,0,2,2,2,2,2,5,2,5,2,0,5,5,2,5,0,5,5,0,1,5,1,2,2,1,5,0,0,1,0,5,5,1,0,0,5,0,0,2,2,5,0,0,5,0,0,1,5,2,5,5,2,0,2,5,5,5,0,0,1,5,5,1,5,0,2,5,5,2,0,5,5,2,5,5,1,2,0,5,2,1,2,1,2,0,2,0,5,5,0,5,2,0,0,2,0,2,5,0,1,1,5,1,1,1,5,2,1,0,1,1,0,2,0,0,5,1,2,1,1,2,5,1,5,1,0,1,2,2,1,5,0,1,2,2,2,1,5,0,0,5,5,5,5,2,5,0,2,5,1,2,0,2,2,5,5,2,2,2,0,0,5,1,5,2,1,1,5,5,2,5,0,0,0,0,0,1,5,0,5,1,2,1,2,5,2,2,2,2,2,0,5,1,1,1,1,2,5,1,1,1,0,1,2,5,0,0,0,1,0,0,1,2,0,1,0,1,0,5,0,5,0,5,2,2,2,5,2,2,2,1,0,5,5,5,1,2,0,1,0,0,2,0,1,2,2,0,5,1,5,1,2,0,0,2,5,2,1,1,1,2,5,1,5,1,1,1,0,2,5,0,5,5,1,1,5,1,0,5,2,1,5,1,5,2,2,5,2,2,2,5,5,2,0,5,2,5,2,2,1,1,2,1,0,5,2,0,5,1,5,1,2,0,1,1,5,2,0,0,5,5,5,2,1,5,5,5,5,1,2,0,0,2,5,0,2,0,2,2,1,2,0,2,0,2,0,2,2,1,0,2,0,1,0,1,0,2,5,5,2,0,0,5,0,2,2,2,0,5,1,2,5,0,2,0,0,0,0,5,1,2,5,2,1,0,0,1,2,5,0,2,2,1,2,0,0,2,5,1,1,1,0,2,2,2,0,5,0,1,1,5,1,1,2,5,1,5,5,2,2,5,2,1,5,1,5,0,0,0,5,0,5,5,5,5,0,1,2,1,1,2,0,1,5,5,0,0,1,5,1,2,1,1,1,5,2,2,5,2,2,0,1,2,2,1,5,1,1,1,2,2,1,0,5,0,0,1,0,2,2,2,0,5,1,0,2,2,0,5,0,0,2,0,0,0,1,0,5,1,5,2,0,1,1,1,5,2,1,5,0,0,1,0,1,5,1,0,0,0,0,0,5,2,5,1,1,2,2,
0,1525976498,1,71.0,395,5,2,2,5,1,1,5,5,1,1,5,1,0,5,0,5,5,5,5,0,5,1,5,5,5,2,2,5,2,2,1,0,2,2,5,5,2,2,5,1,5,5,2,5,5,1,1,2,5,5,2,1,1,1,0,0,1,5,1,2,1,0,2,0,2,2,5,1,0,1,5,5,5,2,0,2,0,0,5,5,0,5,0,2,2,0,2,2,2,0,0,2,5,2,5,2,5,0,5,0,2,5,5,5,0,2,5,2,1,2,5,0,1,1,2,0,5,5,0,0,1,1,0,5,1,5,5,5,5,5,5,1,5,5,0,5,5,5,0,1,1,0,0,5,0,0,1,2,5,5,5,5,0,5,5,5,5,0,1,0,0,1,5,2,5,2,2,5,1,2,1,2,5,5,1,2,2,2,1,5,0,5,0,2,0,5,1,0,2,2,1,0,5,0,2,2,0,5,5,5,0,0,1,5,2,5,0,2,2,0,0,1,5,5,0,2,1,0,1,2,0,0,0,0,2,2,5,1,1,0,2,1,2,5,5,2,2,1,1,5,5,1,0,2,5,5,0,1,1,5,2,1,2,0,0,1,1,1,5,2,5,0,1,0,0,2,5,2,1,5,5,2,2,5,1,0,0,2,0,0,0,1,5,0,5,1,2,5,2,5,5,1,2,5,5,0,0,2,1,2,1,0,1,2,1,0,1,1,1,1,1,2,0,2,0,1,5,0,0,0,1,0,2,2,1,5,2,0,0,2,2,5,1,1,2,1,5,0,1,5,1,5,2,1,2,1,2,5,5,5,5,5,1,1,0,5,0,0,5,2,2,5,2,2,0,1,2,1,5,5,1,1,2,5,0,1,5,0,0,0,2,5,0,0,2,0,0,5,2,0,1,0,0,0,5,1,
0,1610920232,1,73.0,479,5,2,0,0,5,5,1,5,1,1,0,5,0,2,5,0,1,1,5,0,5,1,0,2,2,1,5,5,2,2,5,2,2,0,2,0,5,5,2,1,5,2,2,1,5,5,5,1,5,5,5,0,5,1,1,2,0,5,2,5,1,0,1,1,1,0,1,1,5,5,2,1,5,1,2,0,2,2,0,1,0,2,1,2,5,2,1,1,2,1,1,1,2,1,2,1,1,1,5,2,1,5,5,1,0,1,2,5,1,5,5,1,5,0,5,5,5,1,1,5,2,1,5,0,0,1,0,2,1,1,2,5,5,2,2,5,1,0,2,5,2,5,1,1,1,2,1,5,5,1,0,1,5,5,1,0,1,2,1,0,1,5,5,0,1,1,0,0,1,1,5,1,2,0,2,0,5,5,0,5,5,2,0,2,2,5,2,2,2,5,1,1,2,1,5,2,2,0,1,2,5,5,1,2,5,0,0,0,0,2,1,2,5,5,1,5,2,0,2,1,1,0,2,1,0,1,0,5,1,2,5,5,0,1,0,5,0,1,5,0,2,5,5,2,1,5,1,1,0,2,5,2,1,1,0,2,0,2,5,5,1,2,2,2,1,1,0,0,0,1,0,2,5,2,5,0,5,2,2,1,1,1,2,2,5,5,0,1,2,0,2,5,5,0,5,5,5,1,2,0,0,5,0,5,0,5,0,5,5,5,1,5,0,0,1,0,0,2,1,2,0,0,5,5,2,5,0,5,0,1,0,1,2,1,2,5,1,5,5,2,0,2,5,2,1,2,2,0,5,1,0,1,1,1,0,1,0,5,1,5,5,2,0,2,0,0,0,0,2,1,1,2,0,1,0,5,1,1,1,0,5,5,1,1,1,0,0,1,0,0,0,0,0,2,5,1,2,5,5,2,1,1,0,2,5,5,2,0,1,0,0,0,2,2,1,2,5,1,0,0,2,0,1,0,5,1,1,0,1,1,0,1,2,5,5,5,1,2,1,0,5,5,2,2,5,2,5,2,5,0,2,5,2,1,0,1,1,5,0,5,2,2,2,1,2,5,5,2,2,2,5,5,1,5,2,2,1,1,1,5,
0,1681113237,1,76.0,563,5,0,0,5,5,1,0,5,2,2,5,2,2,1,5,2,5,1,1,5,2,2,1,5,1,2,5,0,5,0,2,5,2,2,2,2,5,1,2,5,0,2,5,2,5,2,1,5,0,2,5,5,1,5,2,2,0,5,5,0,5,1,0,5,1,2,5,1,0,1,0,5,2,0,1,0,0,0,0,0,5,5,2,1,0,1,5,0,0,1,0,1,5,0,0,2,2,5,5,1,5,2,0,0,5,1,5,2,5,5,0,0,1,5,5,0,1,1,5,5,0,2,5,5,0,5,0,2,1,5,0,1,2,2,5,0,1,5,0,2,2,0,5,2,0,5,0,5,0,2,5,0,1,5,1,1,1,1,0,5,2,5,2,2,0,1,1,2,1,0,2,2,2,5,0,5,2,5,0,1,0,1,5,0,2,0,2,1,1,5,2,1,1,5,5,2,5,5,1,5,0,0,1,0,1,1,1,0,2,1,0,2,2,2,2,5,2,2,1,0,2,1,2,0,0,5,0,0,5,1,1,5,2,1,5,1,1,1,5,1,5,0,5,1,1,2,1,1,2,1,1,1,5,0,5,2,0,1,2,5,5,1,5,5,1,2,2,0,1,1,5,5,0,5,5,1,1,2,5,5,5,5,1,0,5,0,2,0,0,5,0,0,0,1,1,1,0,1,5,1,5,1,2,0,1,5,5,5,5,0,2,0,5,1,1,2,1,1,2,1,2,1,5,5,0,2,5,5,5,2,1,5,5,2,5,5,2,2,5,5,5,5,1,2,0,5,1,5,5,1,5,0,2,0,5,5,1,5,1,2,1,1,0,2,5,5,1,0,5,2,1,0,2,2,0,1,5,2,0,1,0,5,2,0,0,0,2,1,2,5,2,0,1,2,0,5,1,5,5,2,5,1,5,5,2,5,0,1,2,5,5,1,2,2,1,0,0,5,1,1,1,1,5,5,5,5,0,2,5,5,5,5,0,0,2,2,5,5,0,1,5,1,0,2,0,5,1,0,0,2,5,0,5,5,5,5,5,5,0,5,5,1,1,2,2,2,5,5,5,2,2,5,2,0,0,2,2,5,0,1,5,2,5,2,0,2,1,0,1,2,1,1,0,5,2,2,5,0,5,0,1,1,2,2,1,1,0,2,2,1,5,5,5,2,5,2,2,1,2,1,5,2,0,2,1,5,5,2,1,2,0,0,0,2,5,5,5,2,1,2,0,1,5,2,0,5,1,2,1,0,1,0,1,1,1,2,5,5,0,5,2,5,1,1,
0,170268188,1,71.0,516,5,0,1,5,1,1,5,0,5,5,1,5,5,5,2,0,5,5,2,5,5,5,2,5,5,2,0,5,5,2,2,5,5,5,2,5,5,1,1,5,0,5,5,5,2,0,5,5,5,5,2,1,2,0,5,1,2,0,5,1,2,1,1,1,5,1,1,1,5,2,5,0,2,2,1,0,0,2,5,2,1,1,1,0,1,1,1,1,2,1,1,1,1,5,5,5,0,0,1,1,0,5,1,5,1,5,2,5,0,1,5,5,2,5,1,2,5,2,2,1,2,0,5,5,5,1,5,1,5,1,5,2,5,0,5,0,1,1,5,1,1,2,1,0,1,5,1,1,5,2,0,1,1,5,2,1,2,5,1,2,1,5,5,5,1,1,5,1,5,5,0,0,1,5,5,1,2,5,2,2,5,2,5,2,2,1,1,2,2,2,5,2,1,1,2,5,2,5,0,2,2,1,2,2,5,0,5,1,5,0,0,1,0,2,5,0,1,5,2,0,0,1,2,0,1,1,0,0,2,2,5,2,0,2,0,1,1,0,2,5,2,1,5,1,2,1,2,2,2,2,0,5,5,2,5,1,5,1,5,2,0,5,0,2,0,2,5,2,1,0,0,0,2,5,0,1,1,1,1,1,1,5,0,5,5,0,1,2,1,1,0,1,5,2,1,0,5,5,0,5,5,2,1,0,0,1,5,1,1,1,1,5,1,0,1,5,5,1,1,5,2,2,1,2,1,1,2,2,2,5,5,1,0,5,5,0,2,5,5,0,5,1,1,0,5,5,1,5,0,0,1,5,2,2,5,5,1,5,5,5,1,5,0,0,1,5,1,5,5,0,2,2,5,2,5,5,1,1,5,5,5,5,1,2,5,2,5,0,5,0,5,0,5,5,5,1,0,1,1,2,0,1,2,2,5,1,2,5,2,2,5,5,0,5,5,1,0,5,5,0,5,1,1,1,1,0,0,5,2,5,5,5,5,2,2,0,1,0,1,2,1,1,5,1,0,0,0,2,1,5,5,5,2,1,5,5,2,5,2,2,5,5,1,1,2,1,5,0,0,1,1,5,0,1,0,5,5,5,5,1,5,0,5,0,5,5,0,1,2,5,0,2,0,2,5,2,2,0,0,2,0,5,1,0,1,1,0,0,5,1,0,1,1,5,1,2,1,
0,1769726653,1,79.0,479,0,2,0,2,0,5,5,5,5,2,0,5,0,5,0,1,5,5,0,5,1,5,1,5,1,5,2,1,5,0,5,0,2,0,0,5,2,5,0,5,0,1,0,1,1,1,5,0,5,5,2,1,2,5,5,0,5,1,5,1,5,0,2,1,5,0,0,0,2,5,0,5,0,0,2,0,1,2,1,0,5,5,2,5,5,5,1,2,0,2,2,2,1,1,2,5,0,1,1,0,1,0,5,2,1,5,5,5,0,5,1,5,1,0,1,1,1,5,0,1,1,5,0,0,0,0,1,1,5,0,2,5,0,1,1,5,0,5,0,2,5,2,2,0,5,2,1,0,0,1,5,5,0,2,2,5,2,1,2,0,2,5,0,0,2,1,1,2,0,0,0,0,1,2,2,5,0,1,2,2,2,5,0,2,2,0,2,5,2,2,2,2,1,2,2,2,1,2,2,5,1,1,2,2,2,0,5,2,0,0,0,5,0,5,2,2,0,0,5,5,1,5,0,5,2,0,2,5,5,1,5,5,5,5,1,1,1,5,5,5,2,2,5,2,0,2,0,5,0,0,2,0,1,1,1,0,0,1,5,1,5,5,0,5,1,2,0,2,5,1,0,5,1,1,1,2,2,0,2,5,0,5,1,2,0,1,0,2,2,2,2,0,1,5,0,1,2,1,1,2,2,5,2,2,2,1,5,5,1,0,1,1,1,5,1,0,0,5,5,0,1,0,1,5,0,0,0,0,1,1,1,5,0,2,5,2,0,5,1,1,2,5,2,1,1,0,0,0,5,5,1,2,1,5,0,5,0,5,0,5,1,0,5,5,1,5,0,1,5,2,5,2,5,5,0,5,0,2,2,0,2,1,2,5,5,1,1,1,5,1,0,1,5,5,0,2,0,2,1,1,5,0,5,1,5,1,2,2,5,0,1,5,1,1,0,0,0,0,5,0,2,2,1,2,1,5,2,2,1,1,5,5,0,2,1,2,0,0,2,1,5,5,0,1,5,5,0,2,5,1,2,0,5,5,0,1,1,1,2,5,2,0,1,0,0,2,2,0,5,0,2,5,1,5,0,2,0,5,1,1,
0,1814468255,1,81.0,562,5,5,5,5,5,2,5,5,2,0,5,0,0,2,5,5,5,1,5,5,1,5,5,0,0,0,1,1,1,1,1,5,2,5,0,5,2,5,5,5,0,0,5,1,0,5,0,1,2,5,0,2,2,5,0,0,5,5,5,1,1,0,1,0,5,2,2,1,5,0,1,0,0,2,2,0,0,0,0,1,5,5,0,1,1,1,0,2,1,1,1,1,5,1,5,1,1,5,5,5,1,0,5,0,5,2,2,5,2,5,0,0,2,0,1,1,5,5,2,0,5,2,0,5,2,1,5,0,2,1,1,1,0,1,5,1,1,5,5,2,2,2,2,2,5,2,5,0,2,5,2,2,2,2,0,2,5,2,5,2,1,5,5,5,5,0,0,0,2,5,0,2,2,2,5,0,2,2,2,1,0,0,2,2,5,2,1,5,0,2,5,2,5,5,2,5,5,2,0,0,5,0,1,1,2,5,5,5,5,5,1,0,5,5,2,5,0,2,5,1,5,1,0,5,2,5,1,5,1,1,5,5,2,1,2,0,5,2,1,5,1,2,0,5,0,2,1,0,1,5,2,0,2,2,2,1,2,1,5,5,2,0,5,2,1,5,5,1,2,0,2,1,5,2,0,2,1,0,2,1,5,2,0,5,5,2,1,1,2,0,0,1,0,2,5,5,2,2,1,5,0,0,1,1,1,5,5,2,2,0,5,1,0,2,5,1,2,5,2,0,5,5,2,5,5,1,1,0,1,5,1,5,0,1,2,5,1,1,1,2,5,1,1,1,0,0,0,2,0,5,2,5,0,2,5,2,5,0,5,1,1,1,0,5,0,5,1,1,0,2,1,5,2,2,5,2,5,0,2,2,2,5,5,5,0,1,0,0,2,2,1,5,2,5,2,1,5,0,0,2,2,5,1,0,2,1,2,2,2,5,1,5,2,0,2,5,2,5,5,1,1,5,5,2,1,2,1,2,2,5,2,1,5,1,2,0,1,0,1,0,1,0,1,5,2,0,0,2,0,2,1,2,2,0,1,0,5,5,2,1,5,5,2,2,0,2,0,1,5,2,2,2,5,0,1,5,2,5,1,0,0,1,0,0,2,5,5,5,0,1,5,5,0,0,5,1,0,5,0,0,2,0,5,1,5,0,0,5,5,2,2,1,1,5,5,0,5,5,5,1,1,2,5,1,2,0,5,2,0,5,1,0,5,0,1,1,2,1,1,2,2,5,2,2,2,0,1,1,5,1,1,0,5,1,1,0,5,0,1,2,0,2,2,
0,1850230673,1,81.0,506,2,1,5,2,0,5,2,0,0,5,2,5,0,5,5,1,5,1,2,0,0,1,1,5,1,1,5,0,5,1,2,5,2,0,0,5,1,1,5,5,1,2,5,1,0,5,2,0,0,5,5,0,1,5,2,0,2,0,2,5,2,2,5,5,2,5,1,0,2,5,0,0,2,2,2,0,2,0,2,5,2,2,5,1,5,5,0,5,2,2,0,1,2,5,0,5,5,5,5,0,1,5,5,2,0,2,5,5,2,5,2,5,0,2,2,2,1,0,1,5,2,0,5,5,1,0,1,0,1,5,5,0,1,0,5,2,5,2,2,0,0,2,0,5,2,2,2,0,1,1,1,0,2,5,1,2,1,0,2,1,1,0,5,0,5,2,2,5,5,0,2,0,5,2,0,1,5,1,5,5,5,1,2,5,2,5,0,0,2,0,2,1,0,5,2,0,5,0,5,5,0,5,1,1,2,1,1,1,5,2,2,2,0,5,1,1,1,1,0,5,0,0,5,0,0,1,2,1,5,5,5,2,2,1,2,0,2,5,0,0,1,0,2,0,5,0,0,0,1,5,0,1,5,5,5,1,1,0,1,0,0,0,1,5,0,5,1,2,2,0,1,1,0,1,1,5,0,5,1,1,0,5,2,1,5,1,5,0,5,5,1,2,5,1,1,5,0,2,0,1,2,0,5,5,1,2,0,0,5,2,2,0,2,1,0,1,2,5,1,1,2,2,1,0,2,5,2,5,2,0,5,0,2,1,1,0,0,5,1,2,2,2,1,5,5,5,0,2,1,1,2,1,0,5,2,2,5,1,0,2,2,0,2,5,0,0,1,1,5,0,2,2,5,1,0,5,1,1,0,5,1,1,5,5,0,1,5,5,2,1,5,0,0,2,5,0,5,1,1,0,1,1,1,1,1,0,0,1,5,5,5,1,1,5,1,2,2,5,2,1,0,5,1,5,0,5,1,0,1,2,0,0,1,5,1,5,0,1,1,2,0,1,2,5,5,1,2,5,1,5,1,5,1,5,2,0,2,1,5,2,5,2,1,5,0,5,1,1,5,1,2,1,2,0,1,5,0,2,0,2,5,0,5,5,0,1,2,0,2,0,2,1,2,2,1,2,2,2,5,0,5,1,2,5,0,2,1,
0,1882663131,1,70.0,586,5,2,1,2,5,5,2,5,0,5,5,2,0,5,1,5,0,5,5,1,5,2,5,0,0,1,1,5,5,1,1,5,0,5,5,1,0,5,5,0,5,5,1,5,0,2,0,5,1,2,2,2,5,1,5,2,5,2,0,5,5,1,2,5,0,1,0,2,5,2,2,2,5,2,2,5,0,0,5,2,2,2,5,0,0,0,5,5,5,0,2,5,5,5,2,2,5,1,5,0,1,5,0,2,5,5,5,2,5,1,5,5,1,5,1,0,5,5,0,2,2,0,1,1,5,1,0,5,5,5,5,1,5,5,5,5,5,2,1,0,1,0,2,0,5,5,1,2,0,0,5,2,5,0,2,0,5,0,5,1,2,1,1,0,5,0,5,2,2,1,2,5,0,0,1,0,0,0,2,5,1,5,1,2,5,1,2,1,5,2,5,0,5,2,0,5,2,5,2,2,0,5,5,2,1,1,0,0,1,2,0,5,0,0,5,1,1,1,2,2,0,1,1,0,0,5,1,1,2,0,2,2,1,2,1,1,2,1,5,2,1,2,5,2,0,1,0,1,2,5,2,5,0,2,2,1,0,2,0,5,5,0,0,1,0,1,5,1,0,1,0,5,2,0,1,1,5,5,5,2,1,2,0,2,1,1,2,2,5,0,2,2,5,2,5,0,1,1,0,2,2,1,5,5,2,5,2,1,5,2,5,1,1,1,5,2,5,5,1,5,1,2,2,1,5,5,2,5,1,5,2,0,5,5,2,2,0,1,2,0,5,0,1,5,1,0,2,5,1,1,5,0,2,1,5,0,1,2,2,0,5,2,2,2,0,2,0,5,2,2,0,5,0,2,5,1,0,2,0,0,2,2,5,0,5,5,1,1,2,5,2,1,5,5,1,5,1,2,5,5,5,5,2,1,0,2,5,2,1,2,0,2,0,5,1,0,5,2,1,0,0,1,1,5,2,0,1,1,5,1,5,5,0,1,0,5,5,5,5,5,1,5,5,0,1,1,5,1,5,5,1,2,5,2,1,0,1,2,0,5,2,2,2,2,1,5,5,2,5,5,0,5,2,1,1,0,2,0,2,5,1,1,1,1,2,2,5,5,2,5,1,1,0,2,5,5,0,0,1,0,1,5,1,5,2,1,2,5,2,2,0,0,2,2,5,0,5,5,1,2,5,2,0,5,0,5,1,2,1,0,2,1,5,2,0,2,2,0,2,2,5,0,5,1,1,5,0,0,1,5,2,2,2,0,0,1,2,2,0,0,1,2,2,2,0,1,0,5,1,1,5,0,5,1,1,0,0,2,2,0,5,5,5,2,0,5,2,
0,532231628,1,71.0,556,5,2,5,1,0,0,0,0,1,2,2,2,5,2,1,5,5,0,5,1,5,5,5,2,0,1,5,5,1,1,1,5,2,2,5,1,1,5,0,5,2,0,1,1,5,0,0,1,0,0,0,5,2,5,0,1,0,5,2,2,1,5,0,2,5,2,5,5,5,5,5,0,5,2,1,2,2,2,2,5,0,5,2,1,0,0,2,2,2,2,5,2,5,5,0,5,0,2,5,2,5,5,5,2,2,5,0,1,0,1,2,5,5,2,5,1,0,5,5,5,0,1,1,1,5,0,2,0,5,2,2,5,1,1,1,2,1,2,0,2,1,2,2,0,2,5,1,5,0,1,1,5,0,1,0,2,1,2,5,5,0,1,1,2,0,1,5,1,5,2,0,2,2,2,5,1,1,0,1,1,0,1,0,1,1,2,2,1,2,5,5,1,2,2,5,2,2,2,0,2,1,5,5,1,0,0,1,5,5,5,5,5,5,2,2,5,1,5,2,2,0,5,5,0,2,0,5,1,5,2,2,1,2,2,1,0,0,5,2,5,0,2,5,0,1,0,2,5,2,0,5,2,2,2,0,0,1,5,1,0,5,5,5,1,0,2,5,5,1,1,5,5,1,1,2,0,1,1,2,1,2,2,2,2,5,0,2,2,5,2,1,1,5,2,5,1,0,0,0,5,0,0,0,2,1,2,5,1,0,1,2,5,2,2,0,1,0,5,5,5,2,1,0,5,2,5,5,0,5,0,1,5,1,2,2,2,5,1,2,1,0,0,2,5,5,1,5,2,2,1,5,2,2,1,1,0,1,2,0,5,2,1,2,0,2,1,1,0,1,0,1,1,1,1,5,2,0,2,1,5,2,5,5,1,5,2,0,5,2,1,5,2,2,2,1,1,2,5,0,2,2,1,5,0,2,0,1,5,0,5,2,0,1,5,5,2,1,1,1,1,5,2,2,0,1,5,0,0,5,2,2,0,5,1,5,5,0,5,0,5,0,1,5,1,1,1,1,0,2,2,5,2,2,1,0,1,5,0,2,2,2,5,5,1,1,1,0,2,2,5,0,5,5,1,2,1,5,1,0,1,5,5,5,1,0,0,2,5,0,1,2,0,1,0,0,1,5,0,1,2,0,0,5,1,1,2,0,0,2,5,5,1,1,0,0,5,1,1,1,2,0,5,2,5,0,5,1,5,5,1,5,0,2,0,5,1,5,0,2,0,2,0,1,5,0,1,0,2,1,1,5,0,5,5,1,2,2,
0,658856872,1,71.0,604,2,1,5,0,0,2,5,2,2,5,1,5,1,1,5,1,5,0,5,0,1,5,2,1,5,5,0,2,5,1,0,1,1,5,2,0,5,5,5,5,1,5,0,2,5,0,2,5,2,0,2,2,5,2,5,0,5,1,2,5,2,5,5,1,2,0,5,2,0,1,1,2,2,5,1,1,1,2,1,2,0,5,0,2,0,2,5,1,0,5,5,0,2,2,2,2,5,2,1,5,2,5,5,5,2,2,5,1,5,1,2,5,2,5,5,2,0,5,1,2,0,2,5,0,2,0,2,2,1,0,2,1,1,1,0,2,1,1,5,5,5,1,1,5,1,2,2,0,2,0,5,5,5,0,1,1,0,5,0,0,2,2,2,0,5,0,0,1,5,5,1,0,1,0,5,2,5,2,1,5,5,5,1,1,0,2,2,2,5,2,1,1,0,2,0,2,2,1,0,5,2,2,5,1,1,1,2,5,2,5,2,2,5,1,1,5,0,2,5,2,2,0,1,2,5,5,2,0,2,5,0,5,0,1,2,5,5,0,1,0,1,0,0,5,0,1,0,5,1,5,1,5,2,1,1,2,0,1,2,5,1,2,0,2,0,1,0,5,0,2,1,0,5,0,2,1,2,0,1,1,5,2,2,1,5,0,5,1,2,5,5,2,5,0,0,2,1,1,1,2,1,1,5,5,2,2,2,5,1,0,5,5,5,1,0,2,5,1,1,2,1,0,2,5,2,2,2,1,5,5,1,5,5,1,2,1,2,1,1,5,5,0,5,2,1,0,1,5,1,1,1,0,2,1,1,2,5,1,5,2,1,1,2,1,1,2,2,0,5,2,1,2,1,0,0,5,0,2,5,0,0,2,5,5,0,5,1,5,1,2,0,5,2,2,2,5,2,5,0,0,1,1,0,2,2,2,2,2,5,2,1,2,0,1,5,5,1,0,2,0,5,5,2,1,0,5,2,0,0,5,2,0,1,5,1,0,2,1,1,5,5,2,1,5,5,5,2,1,5,5,5,1,5,2,0,5,0,2,5,0,5,5,5,0,1,2,2,2,5,1,2,5,0,5,0,2,5,0,2,2,2,2,5,1,5,1,2,5,2,0,0,5,5,0,0,0,5,5,5,0,0,0,1,0,2,5,2,0,2,5,5,5,2,2,1,2,2,1,2,2,1,0,5,1,1,1,2,1,5,1,1,5,5,5,0,1,0,0,0,5,5,5,1,2,0,1,5,2,2,5,2,2,0,2,2,2,2,5,5,2,0,2,2,1,5,0,5,2,2,5,2,5,0,0,0,2,0,5,1,5,0,2,5,2,2,2,0,2,2,0,0,5,5,2,0,1,1,2,5,1,0,0,0,2,2,
0,727558291,0,78.0,533,1,5,1,0,5,2,2,5,2,0,2,0,5,5,0,5,0,2,5,1,5,1,0,0,5,0,1,0,0,2,0,1,1,1,1,1,5,2,5,0,5,2,1,5,1,2,2,5,2,2,0,5,0,0,1,2,0,2,0,5,0,2,0,2,1,1,2,2,5,2,5,2,2,2,5,2,5,5,2,1,5,2,2,5,1,5,5,2,5,2,0,1,5,1,1,0,2,5,2,0,1,5,2,1,2,0,0,0,2,5,2,5,1,2,0,0,1,5,5,1,0,1,1,2,1,0,2,1,2,0,2,2,5,2,1,0,2,5,2,2,0,0,1,5,2,2,1,0,1,2,2,1,0,5,0,5,2,1,1,1,5,1,5,1,5,5,0,0,0,1,5,5,2,0,0,0,1,0,5,2,0,2,5,5,0,0,5,1,0,0,1,5,5,2,5,2,1,0,1,2,5,0,0,5,1,0,5,5,0,5,1,2,0,1,2,5,0,1,5,2,0,0,1,0,5,0,5,0,1,5,2,0,0,5,2,5,2,0,2,5,5,2,0,5,1,0,1,5,1,5,5,1,5,0,2,5,5,0,5,5,5,5,1,0,0,0,2,2,0,5,2,1,5,5,2,2,5,5,5,5,2,0,2,0,5,0,1,0,1,0,1,0,2,1,2,0,1,5,2,0,5,0,1,2,5,0,5,2,2,0,5,2,5,0,1,5,0,1,2,0,0,1,1,2,1,5,5,5,5,5,1,5,0,0,1,5,2,2,2,5,1,1,1,0,0,2,2,5,0,0,2,2,5,5,0,5,1,0,5,0,2,1,0,1,2,1,2,1,0,0,5,2,2,5,0,0,2,0,5,0,5,5,1,5,1,0,2,5,1,0,5,1,1,0,1,5,0,0,5,2,5,0,0,1,0,1,2,5,1,2,5,1,0,2,5,5,5,1,1,1,1,1,1,5,0,1,0,2,0,5,1,1,5,5,1,0,5,0,1,1,0,0,0,1,1,0,1,0,2,5,1,0,1,1,1,1,2,5,5,1,1,0,5,1,1,5,5,5,0,5,2,5,2,0,5,2,5,1,1,5,2,0,0,2,5,2,2,5,5,5,0,1,2,2,0,1,5,1,1,2,5,5,5,0,1,0,5,0,1,0,5,2,5,1,5,5,5,2,1,2,0,2,1,0,1,0,1,2,2,1,0,5,2,2,
0,844169017,1,79.0,489,5,2,1,2,0,2,5,2,5,0,0,2,1,5,2,0,1,0,1,5,1,0,5,1,1,5,2,1,1,5,1,5,5,0,5,1,5,2,5,5,2,5,5,2,2,0,2,0,5,2,0,1,1,5,0,0,5,1,5,1,0,1,0,1,1,0,0,2,5,0,0,5,5,5,0,0,2,5,0,2,5,0,2,0,0,2,5,0,2,0,2,5,2,5,0,2,2,2,0,2,5,0,5,2,2,5,1,5,2,5,0,5,2,5,2,5,1,5,5,0,5,2,1,1,5,2,2,2,5,0,5,0,2,1,1,1,0,5,1,1,5,5,5,5,1,0,2,0,2,2,2,5,0,2,5,0,1,2,5,2,0,1,0,2,1,0,5,0,1,2,5,1,0,1,0,1,2,5,2,5,0,5,2,2,5,1,2,5,5,2,1,5,5,0,0,2,5,1,1,0,0,2,1,0,2,1,2,1,1,0,1,5,2,5,2,0,5,1,0,5,5,5,2,2,5,0,1,2,5,5,0,5,0,5,1,0,0,2,2,0,5,1,2,1,0,2,1,1,2,0,5,0,5,2,2,0,1,5,2,1,1,0,0,1,2,2,5,5,2,2,5,2,0,1,0,5,0,5,1,5,1,0,5,5,1,2,0,1,5,1,0,5,2,0,2,5,1,2,1,5,0,1,0,5,2,2,1,5,2,1,5,5,1,0,5,5,1,2,5,1,0,5,0,1,5,1,5,5,2,5,2,1,5,2,0,1,5,5,0,0,2,0,5,0,1,2,0,1,5,2,0,1,1,5,1,1,5,1,0,0,0,5,2,5,0,1,2,0,2,1,0,5,0,5,1,1,0,1,2,1,5,5,2,2,5,0,1,1,1,2,5,1,5,5,1,2,5,1,5,0,0,0,5,0,1,0,1,0,2,5,5,1,1,1,1,5,0,5,1,5,1,5,1,5,1,0,1,5,0,0,5,2,1,2,5,1,5,2,5,2,5,2,5,0,5,1,5,2,5,0,0,2,2,2,5,5,5,0,5,1,2,2,0,5,5,0,1,0,5,2,0,5,2,2,5,5,1,1,1,2,1,5,0,1,2,0,1,2,0,1,
0,920444936,1,80.0,556,5,0,5,5,2,1,0,2,2,5,2,5,2,2,2,2,5,0,0,5,2,5,5,1,1,1,2,2,2,2,5,5,5,5,1,5,0,0,2,2,5,2,5,5,5,1,0,2,0,1,5,2,1,0,5,5,0,1,5,1,5,5,5,1,0,0,0,0,5,5,5,1,0,1,1,0,5,1,1,0,5,0,1,5,1,1,5,1,0,5,0,1,5,1,5,2,5,5,5,0,5,5,0,0,2,5,5,2,5,5,5,1,1,1,5,0,5,5,5,0,5,2,5,0,5,5,1,0,1,1,1,0,2,2,0,0,2,1,0,2,0,5,5,5,5,2,1,1,1,1,1,1,1,5,5,5,5,5,0,2,5,0,5,0,1,1,0,5,1,5,5,1,1,2,5,2,5,0,5,1,5,2,2,5,1,5,2,0,1,5,2,0,2,2,5,1,0,0,0,5,0,2,5,2,2,1,0,2,2,1,0,5,2,5,1,5,0,0,2,0,1,1,1,2,1,0,2,2,0,5,2,2,2,1,0,0,5,2,5,1,5,1,5,0,2,5,2,2,2,1,2,0,2,2,5,5,2,2,2,5,1,1,5,2,1,2,5,2,2,0,5,0,0,5,1,5,0,1,5,5,1,1,5,2,1,5,2,5,0,5,0,0,5,2,5,1,1,1,2,5,2,1,2,2,5,0,0,5,5,2,1,1,0,5,1,0,5,2,0,2,5,0,1,5,2,1,0,2,0,0,5,2,1,1,2,1,5,5,2,0,5,0,1,2,2,2,2,1,1,0,5,5,5,5,2,5,0,5,1,2,0,2,1,0,5,2,2,0,2,1,1,2,2,0,2,5,2,0,0,0,5,0,1,2,2,2,5,1,5,2,5,2,5,1,1,2,5,5,5,0,0,2,5,1,1,2,0,1,5,5,5,0,5,0,2,0,0,2,1,5,1,0,1,0,5,5,5,5,1,1,1,1,2,5,1,1,5,0,1,0,5,0,1,2,2,5,1,0,1,5,1,0,0,5,1,0,5,5,5,2,5,0,0,2,2,0,5,1,0,1,5,2,5,0,2,0,2,5,2,0,2,1,5,1,5,5,1,2,5,5,0,1,2,5,1,1,2,1,2,1,2,0,1,2,2,5,2,2,0,0,5,1,5,0,1,0,1,2,1,2,2,1,2,5,1,2,5,0,5,2,1,2,0,0,1,0,1,0,5,5,5,1,0,1,1,0,0,1,1,1,5,2,5,2,5,2,1,
1,-1127982146,1,60.0,644,0,0,0,0,0,1,1,1,0,0,5,0,0,1,1,1,1,5,5,1,1,5,0,0,5,1,1,5,5,1,1,5,0,1,5,0,0,5,1,0,5,0,0,5,5,0,5,5,1,0,5,0,0,5,5,0,5,5,0,0,5,0,0,5,5,2,0,5,0,0,5,0,0,5,5,2,0,5,0,0,5,0,0,5,5,0,0,5,0,0,5,0,0,5,5,0,0,5,0,0,5,1,1,1,5,0,0,5,0,0,5,5,0,5,0,0,5,5,0,5,5,0,5,5,0,0,5,0,0,0,5,5,0,5,5,0,0,5,5,0,0,5,0,0,5,5,0,5,0,0,5,0,0,5,0,0,0,5,0,0,5,0,5,5,0,5,5,0,0,5,0,2,5,0,2,5,0,0,2,5,0,0,5,0,1,1,5,0,0,5,1,0,5,0,2,5,5,2,2,5,2,2,5,0,0,5,1,1,5,1,1,5,5,2,2,5,0,2,5,0,1,5,0,1,5,0,1,5,0,2,5,0,2,5,0,2,5,5,2,5,5,2,5,5,2,5,0,1,5,0,1,0,5,1,0,5,1,0,5,0,0,5,0,0,5,0,0,5,2,2,5,2,2,5,5,0,5,5,1,1,5,1,0,5,2,2,5,5,2,5,5,1,1,5,1,1,5,0,1,0,5,1,0,5,2,0,5,5,0,0,5,1,0,5,5,0,2,5,0,2,5,5,2,2,5,2,2,5,5,0,1,5,0,1,5,0,1,1,5,1,1,5,5,2,0,5,2,0,5,5,0,5,5,0,2,5,0,2,5,0,2,5,5,2,2,5,2,2,5,5,1,0,5,1,0,5,5,0,1,5,0,1,1,5,0,1,5,5,0,1,0,5,1,1,0,5,1,0,5,2,2,0,5,2,0,0,5,5,2,2,5,5,2,2,5,0,2,0,5,0,1,5,5,2,2,2,0,0,0,0,2,0,0,1,1,0,0,1,0,0,1,0,0,5,5,0,5,5,0,0,5,0,0,5,5,0,0,0,0,0,1,0,0,5,0,0,5,5,0,0,5,0,0,5,0,0,0,5,0,0,5,0,0,5,5,0,0,0,5,5,0,0,5,0,0,0,5,0,0,1,1,0,1,1,0,0,5,5,0,5,5,0,5,5,0,0,5,0,0,5,5,0,0,5,0,0,0,5,5,0,0,5,0,0,5,5,0,0,5,0,0,0,0,5,5,0,0,2,2,2,2,2,2,2,2,0,0,5,5,0,0,5,5,2,0,5,5,0,0,5,0,0,5,5,0,0,0,0,0,1,1,1,1,0,0,2,2,2,2,2,0,0,5,0,0,5,0,0,5,0,0,5,0,0,0,0,0,0,0,5,5,0,0,0,0,0,0,0,0,0,0,0,2,0,5,0,0,0,5,0,0,5,0,0,0,0,0,0,0,5,0,0,0,0,0,
1,-1366970905,1,77.0,632,0,0,0,0,0,1,1,0,1,0,1,1,0,1,1,0,5,0,0,5,0,0,5,0,0,5,5,0,0,5,5,0,0,5,5,2,5,5,0,0,5,0,0,5,0,2,5,5,0,0,5,1,1,5,0,0,5,0,2,5,2,5,5,2,5,5,2,2,5,2,2,5,2,2,2,2,2,2,2,2,5,0,0,5,1,0,5,2,2,5,5,2,5,5,1,5,5,2,5,5,0,5,5,1,5,5,1,1,5,0,0,5,5,0,5,2,0,5,0,2,2,5,0,0,5,1,1,5,5,0,5,5,0,0,5,0,0,5,5,0,5,5,0,5,5,0,0,5,0,0,5,0,0,5,5,0,0,5,0,0,5,1,1,2,2,2,2,2,2,2,2,5,5,0,1,1,1,0,0,5,5,0,2,0,0,5,5,0,5,5,0,5,0,0,5,0,1,1,1,1,1,1,1,1,0,0,5,0,0,5,0,1,5,1,0,5,0,5,5,0,2,5,0,0,5,0,0,5,1,1,5,0,0,1,5,1,1,5,0,5,5,0,0,5,1,0,5,0,0,5,0,0,5,0,0,5,0,0,5,0,5,5,0,5,5,0,5,5,0,0,0,0,0,0,5,5,0,0,0,0,0,0,1,1,1,1,1,1,0,0,5,5,0,0,5,1,1,5,5,0,5,0,0,5,1,0,0,1,1,5,5,0,0,0,1,1,1,1,1,0,5,0,0,5,0,0,0,5,0,0,0,5,0,0,0,5,5,0,5,5,0,0,0,0,0,0,0,0,0,5,5,0,0,0,0,0,0,0,0,0,0,5,5,0,0,0,0,0,0,0,0,0,0,0,5,5,0,0,0,0,0,0,0,0,0,0,0,0,5,5,0,0,0,0,0,0,0,0,0,0,0,0,0,5,5,0,0,0,0,0,0,0,0,0,0,0,0,0,5,0,0,0,0,0,0,0,0,0,0,0,5,5,0,0,5,0,0,5,0,0,5,0,0,5,0,0,5,0,0,5,0,0,5,5,0,0,5,0,0,0,0,0,0,0,0,0,0,0,5,0,0,5,0,0,5,0,0,5,5,0,0,5,0,0,5,0,0,0,5,5,0,0,0,0,5,0,0,5,0,0,0,0,0,0,0,0,0,5,0,0,5,0,0,5,0,0,0,0,0,0,0,5,0,0,5,0,0,5,0,0,5,5,0,0,2,2,2,2,2,5,5,0,0,5,0,0,0,5,5,0,0,2,2,0,0,0,5,0,0,5,0,5,5,0,5,5,0,1,1,1,1,1,0,0,5,0,2,2,0,5,0,0,5,5,1,0,5,0,0,5,5,0,5,0,5,5,0,5,0,2,2,2,2,2,2,2,2,2,2,2,2,2,2,2,2,2,2,2,2,2,2,2,2,2,2,2,2,5,0,0,0,0,0,
1,-1439522253,1,46.0,530,0,0,0,0,0,0,1,0,0,1,1,0,0,1,1,1,1,1,1,1,1,1,1,1,1,1,0,5,0,5,5,0,5,0,0,5,0,0,5,0,5,5,0,5,0,0,5,0,0,5,0,0,5,0,5,5,0,5,5,0,5,5,0,5,5,0,5,0,5,5,0,5,5,0,5,0,0,5,0,0,5,5,0,5,0,0,5,0,0,5,0,0,5,0,5,5,0,5,5,0,5,5,0,5,5,0,5,5,0,5,0,0,5,0,0,5,0,0,5,0,0,5,0,0,5,5,0,5,5,0,5,5,0,0,5,0,0,5,0,0,5,0,0,5,0,0,5,0,0,5,0,0,5,5,0,0,5,0,0,5,0,0,5,0,0,5,0,0,5,0,0,5,0,0,5,0,0,5,0,0,5,0,0,5,5,0,5,5,0,0,5,0,0,5,0,0,5,0,0,5,5,0,0,5,0,0,5,0,5,5,0,5,5,0,0,5,0,0,5,0,0,5,0,5,0,0,5,0,0,0,0,5,0,0,0,0,5,0,0,0,0,5,0,0,0,5,0,0,0,0,5,0,0,0,5,0,0,5,0,0,0,5,0,0,5,0,0,0,5,0,0,5,5,0,5,0,5,5,5,5,5,5,5,5,5,5,0,5,5,5,5,0,5,5,5,5,5,5,5,5,5,0,5,5,5,5,5,5,5,5,5,5,5,5,5,5,5,5,5,5,5,5,5,5,5,5,5,5,5,5,5,5,5,5,5,5,5,5,5,5,5,5,5,5,5,5,5,5,5,5,5,5,5,5,5,5,5,5,5,5,5,5,5,5,5,5,5,5,5,5,5,5,5,5,5,5,5,5,5,5,5,5,5,5,5,5,5,5,5,5,5,5,5,5,5,5,5,5,5,5,5,5,5,5,5,5,5,5,5,5,5,5,5,5,5,5,5,5,5,5,5,5,5,5,5,5,5,5,5,5,5,5,5,5,5,5,5,5,5,5,5,5,5,5,5,5,5,5,5,5,5,5,5,5,5,5,5,5,5,5,5,5,5,5,5,5,5,5,5,5,5,5,5,5,5,5,5,5,5,5,5,5,5,5,5,5,5,5,5,2,0,0,2,0,2,0,0,5,5,0,0,5,0,0,5,2,0,0,5,5,0,0,5,0,5,0,0,5,0,0,5,5,0,0,5,0,0,2,0,0,0,
1,-1464092805,1,74.0,531,0,0,0,0,0,0,0,1,1,5,5,0,0,5,0,0,0,5,0,2,5,5,0,2,5,0,5,5,0,0,5,5,0,5,5,0,5,5,2,2,0,5,0,0,5,0,0,5,0,0,5,0,0,5,0,0,5,0,5,5,0,5,2,0,5,0,0,0,5,5,0,5,5,0,5,5,0,5,0,0,5,0,0,5,0,0,5,0,0,5,0,2,2,2,2,2,2,5,0,0,5,5,0,5,5,0,5,5,0,5,5,0,0,5,0,0,5,5,0,5,5,0,0,5,0,5,5,0,0,0,0,0,0,2,5,5,0,5,5,0,5,5,0,5,5,0,5,5,0,0,5,0,0,5,0,0,5,0,0,5,0,0,5,0,0,5,5,0,0,5,0,0,5,0,0,5,0,0,0,0,0,0,0,0,2,5,5,0,0,5,0,0,5,0,0,5,0,1,1,1,1,0,0,0,0,5,5,0,5,5,0,0,5,0,0,0,0,0,0,0,0,0,0,0,5,0,0,5,0,0,5,0,0,5,5,0,0,0,0,0,2,2,0,0,5,0,0,0,5,0,0,0,5,5,0,0,0,1,0,0,5,5,0,0,0,5,0,0,5,0,0,5,0,0,5,0,0,5,0,0,5,0,0,5,5,0,0,5,0,0,1,5,1,1,5,1,1,5,0,0,5,1,1,5,5,0,1,5,0,0,0,5,0,0,1,5,0,0,5,5,1,1,0,5,0,0,5,5,0,0,5,0,0,5,0,0,5,0,0,5,0,0,5,5,0,5,5,1,1,5,0,0,5,5,0,0,5,0,0,5,5,0,5,5,2,2,5,0,0,5,5,0,0,5,0,0,5,2,2,5,5,0,5,5,0,0,5,2,0,5,2,0,5,5,0,5,5,0,5,5,0,2,5,0,2,5,0,2,5,0,2,5,0,0,5,1,1,1,1,1,1,1,1,1,1,1,1,1,1,1,1,1,1,0,0,0,5,5,0,0,0,0,0,5,0,0,0,0,0,5,0,0,5,0,0,5,0,0,5,0,0,5,5,0,5,2,0,0,5,5,0,0,5,0,0,5,0,0,5,0,0,5,0,0,5,2,0,0,5,0,0,5,5,0,5,5,0,0,5,0,0,5,0,0,5,0,5,5,2,2,0,0,5,5,0,0,5,0,0,5,0,0,5,0,0,5,0,1,1,0,0,0,
1,-1507942086,1,49.0,550,0,0,0,0,0,0,0,0,1,0,1,1,0,5,0,0,5,5,0,0,5,0,2,2,2,5,5,0,0,5,0,0,5,0,0,5,0,0,5,0,0,5,1,0,0,5,5,0,5,5,0,0,5,0,5,5,0,5,5,0,0,0,0,0,0,0,0,0,0,0,0,0,1,1,0,0,0,0,5,5,0,0,0,2,2,2,2,2,2,2,2,0,5,5,0,0,0,0,5,5,2,0,5,5,0,2,5,0,0,0,5,0,0,0,5,2,0,5,0,2,5,5,0,1,1,0,0,0,0,5,0,0,0,0,0,0,0,0,0,0,0,5,5,0,0,0,0,0,0,0,0,0,0,0,0,0,0,5,5,0,0,0,0,0,0,0,0,0,0,0,0,0,0,0,0,0,0,0,0,5,0,0,0,0,0,0,0,0,0,0,0,0,5,5,0,0,0,0,0,0,0,0,0,0,0,0,5,5,0,0,0,0,0,0,0,0,0,0,0,0,5,5,0,0,0,0,0,0,0,0,0,0,0,0,0,0,5,5,0,0,0,0,0,0,0,0,0,0,0,0,0,0,0,5,5,0,0,0,0,0,0,0,0,0,0,0,0,0,5,5,0,0,0,0,0,0,0,0,0,0,0,0,0,0,5,5,0,0,0,0,0,0,0,0,0,0,0,0,0,0,0,5,5,0,0,0,0,0,0,0,0,0,0,0,0,0,0,0,0,0,0,0,5,5,0,0,0,0,0,0,0,0,0,0,0,0,0,0,0,5,5,0,0,0,0,0,1,1,0,0,0,0,0,5,5,0,0,0,0,0,0,0,0,0,0,0,5,5,0,0,5,5,0,0,0,2,5,5,0,0,5,2,0,5,5,0,0,5,5,0,0,5,0,0,0,5,0,0,5,0,0,5,5,0,1,5,5,0,0,5,0,0,5,5,0,0,5,0,0,5,5,0,1,1,1,1,1,1,1,1,1,1,1,1,1,1,1,1,1,1,1,1,1,1,1,1,0,0,0,0,0,0,0,0,0,0,0,0,0,0,0,0,5,0,0,0,0,0,0,0,0,0,0,0,0,0,5,0,0,0,0,0,0,0,0,0,0,0,0,0,0,0,0,0,0,0,0,0,0,0,0,0,5,5,0,0,0,0,0,0,0,0,0,0,0,0,0,0,0,0,0,0,0,0,0,0,0,0,0,0,0,0,0,0,0,0,0,0,0,0,0,0,0,0,0,5,0,0,0,0,0,
1,-1735834729,1,43.0,517,0,0,0,0,0,0,0,0,0,0,0,0,1,0,1,1,0,1,1,0,1,1,5,0,0,5,0,0,5,0,0,5,5,0,5,5,0,0,5,1,0,5,0,0,5,5,0,0,5,0,0,0,2,2,0,5,0,0,5,0,0,5,5,2,2,2,2,2,2,2,2,2,2,0,5,5,0,5,5,0,5,5,0,5,5,0,0,5,0,0,5,0,5,5,0,0,0,0,2,2,2,2,2,2,2,2,2,2,5,5,0,5,5,0,0,5,0,0,5,0,0,5,0,0,5,0,0,5,5,0,0,1,1,1,1,5,1,1,1,1,1,5,1,0,5,0,0,5,0,0,0,5,2,2,0,5,5,1,5,5,0,0,5,0,0,5,5,0,1,1,5,5,0,5,5,2,2,0,5,5,0,5,5,0,0,5,0,0,5,0,0,5,0,0,5,0,0,5,5,0,1,1,1,1,1,1,1,1,1,1,5,5,0,5,5,0,5,5,0,5,5,0,0,5,5,1,1,5,0,0,5,5,0,0,5,0,0,5,5,0,5,5,0,0,5,0,0,5,5,0,2,2,5,0,0,5,5,0,5,5,0,0,5,5,0,5,5,0,0,5,5,0,0,5,0,0,5,5,0,0,5,0,0,5,0,0,5,5,0,0,5,0,0,5,5,0,5,5,0,0,5,5,0,0,5,1,1,5,5,2,0,5,0,0,0,5,2,2,0,5,5,0,5,5,1,1,5,5,0,0,5,5,0,5,5,0,0,5,0,0,0,5,5,0,0,0,0,2,0,0,0,1,1,0,0,0,1,1,1,0,0,1,1,1,1,1,1,5,5,0,5,5,0,0,5,0,0,5,5,0,5,5,0,0,5,0,0,5,0,0,0,5,0,0,0,0,5,5,0,0,5,0,0,0,0,0,0,0,0,0,0,0,0,0,2,2,0,0,0,0,0,0,0,5,5,0,0,0,0,0,0,0,0,0,0,0,5,5,0,0,0,0,0,0,0,0,0,0,0,0,0,0,0,0,0,0,0,0,0,0,5,0,0,0,0,0,0,0,0,0,0,0,5,0,0,0,5,0,0,5,5,0,0,5,0,0,0,0,5,5,0,5,0,0,0,0,0,0,0,0,0,0,0,0,0,1,1,1,1,0,0,0,5,5,0,0,5,5,
1,-449428672,1,45.0,638,0,0,0,0,0,0,0,0,0,0,1,0,0,1,1,0,1,1,0,1,1,5,0,0,5,0,5,5,0,5,5,0,5,5,0,5,0,0,5,0,0,5,0,0,5,0,0,5,0,0,5,0,0,5,0,0,5,5,2,5,5,1,5,5,0,5,5,0,5,5,0,5,5,0,2,2,5,5,1,5,5,0,5,5,0,0,5,0,0,5,5,0,0,5,0,0,5,0,0,5,0,0,5,5,0,2,2,2,2,2,2,2,2,2,2,2,2,2,2,5,5,0,0,0,2,2,2,2,2,2,5,5,0,5,5,0,5,5,0,0,5,0,0,0,0,0,0,1,1,1,1,1,1,1,5,0,0,5,0,0,5,1,1,5,0,0,5,0,0,5,5,1,1,1,1,1,1,1,1,1,5,5,0,5,5,0,0,5,0,1,5,5,0,0,5,5,0,5,5,0,0,5,0,0,5,5,0,5,5,0,0,5,5,0,5,5,0,0,5,5,0,0,5,5,0,5,5,0,5,5,0,0,5,5,0,5,5,0,0,5,5,0,5,5,0,0,5,0,0,5,5,0,5,5,0,5,5,0,0,5,0,0,5,5,0,5,5,0,5,5,0,0,5,0,0,5,0,5,5,0,0,5,0,0,5,5,0,5,5,0,0,5,0,0,5,5,0,0,5,0,0,5,0,0,5,5,0,5,5,0,1,1,1,1,1,1,1,1,1,1,1,1,5,0,0,5,0,0,5,0,0,5,5,0,5,5,0,0,5,0,0,5,5,0,5,5,0,5,5,0,0,5,0,0,5,5,0,0,5,0,0,5,0,0,5,5,0,0,5,0,0,5,0,0,5,5,0,5,5,0,0,5,0,0,5,5,0,0,5,0,0,5,5,0,0,5,0,0,0,0,0,0,0,0,0,0,0,0,0,0,0,0,0,0,0,0,0,0,0,0,0,0,0,0,0,0,5,0,0,0,0,0,0,0,0,0,0,0,0,0,0,0,0,5,0,0,0,0,0,0,0,0,0,0,0,0,0,0,0,0,0,0,0,0,0,0,0,0,0,0,0,0,0,0,0,0,0,0,0,0,0,0,0,0,0,0,5,0,0,5,0,0,5,5,0,5,5,0,5,5,0,0,5,5,0,5,5,0,5,5,0,0,5,0,0,5,5,0,5,5,0,5,5,0,0,5,0,0,5,5,0,5,5,0,5,5,0,0,0,0,0,0,0,2,2,2,2,2,5,5,0,0,0,1,1,1,0,0,0,2,2,2,2,0,5,0,0,1,5,5,1,1,5,1,1,5,0,0,5,0,0,5,0,0,5,0,0,5,0,0,5,1,5,5,0,0,5,2,2,2,2,2,2,2,2,2,2,5,0,0,5,0,0,5,0,0,5,0,0,5,0,0,5,0,0,0,0,0,0,0,5,0,0,5,0,0,0,0,0,
1,-541342925,1,58.0,659,0,0,0,0,0,1,1,1,0,5,0,0,0,0,0,5,1,0,0,5,0,0,1,1,0,0,5,5,0,0,5,0,0,0,5,0,0,0,0,0,0,0,0,5,0,0,0,0,0,0,0,0,0,0,0,0,0,5,0,0,0,0,0,0,0,0,0,0,0,0,5,5,0,0,0,0,0,0,0,0,0,0,0,0,0,0,0,5,0,0,0,0,0,0,0,0,0,0,0,0,5,5,0,0,0,0,0,0,0,0,0,0,0,0,5,5,0,0,0,0,0,0,0,0,0,0,0,0,0,0,5,0,0,0,0,0,0,0,0,0,0,0,0,0,0,5,0,0,0,0,0,0,0,0,0,0,0,0,0,0,2,2,0,0,1,1,0,0,5,5,0,5,5,0,5,5,0,5,5,0,5,5,0,2,2,5,5,0,2,5,2,0,5,5,2,2,5,5,0,5,5,2,0,5,1,0,5,5,0,1,5,0,0,5,0,1,0,5,0,0,5,5,0,0,5,0,0,5,5,0,0,5,0,0,5,2,0,5,5,0,0,5,0,0,5,0,0,5,0,0,5,0,0,5,5,1,1,5,1,1,5,1,1,5,5,1,5,5,1,1,5,1,1,5,1,1,5,1,1,5,5,0,0,5,0,0,5,2,2,5,0,0,5,5,1,1,5,5,0,1,5,0,0,5,5,0,0,5,0,0,0,5,0,0,0,0,0,0,5,0,0,0,0,0,0,0,0,0,0,0,0,0,2,2,0,0,0,5,5,0,2,2,0,5,0,0,5,0,1,5,5,0,0,5,0,0,5,5,0,0,5,0,0,0,0,1,1,0,5,5,0,0,5,0,0,5,0,0,0,5,5,0,0,0,0,5,0,0,0,0,0,0,0,0,5,0,0,5,0,0,2,5,0,0,5,5,0,0,5,0,0,5,5,0,0,5,1,1,0,0,5,0,0,5,0,0,5,5,0,5,5,2,0,5,0,1,0,5,0,0,5,5,2,2,2,5,5,2,0,5,0,0,5,0,0,0,5,0,0,0,5,2,0,5,5,0,0,5,0,0,5,5,2,0,5,0,0,1,1,0,0,0,0,5,0,5,5,2,2,2,0,0,5,1,1,1,1,1,5,5,1,0,5,0,0,5,0,0,5,0,0,0,5,0,0,2,2,2,2,2,2,0,5,0,0,0,0,0,5,0,0,0,1,1,5,0,0,5,5,0,2,2,5,0,0,0,5,0,1,1,0,0,0,0,0,5,5,0,0,5,5,0,0,0,2,2,0,5,5,0,0,0,0,5,2,0,5,2,2,5,5,2,5,5,0,2,5,0,0,5,1,0,5,0,0,0,0,0,1,1,1,0,0,0,5,5,0,0,0,0,2,2,2,2,2,2,2,0,0,1,1,1,1,1,1,1,0,5,0,0,5,0,0,5,0,0,5,0,5,5,0,5,5,0,5,5,0,0,5,0,0,1,1,1,1,1,5,0,0,5,
1,-699450150,1,56.0,549,0,0,0,0,0,0,0,0,1,1,0,1,1,0,1,0,0,0,5,0,0,5,1,1,5,0,0,5,0,5,5,0,5,5,0,5,5,0,5,0,0,0,5,1,1,5,0,0,5,0,2,2,0,5,5,0,0,0,5,5,0,5,5,0,5,5,0,2,2,2,2,2,2,2,2,2,2,2,2,2,5,0,0,2,2,2,2,2,2,2,2,2,0,5,0,0,5,0,0,5,0,0,5,0,5,5,0,5,0,0,5,0,0,5,1,1,1,5,0,0,5,1,5,5,1,5,0,2,5,0,5,0,0,5,1,0,5,1,1,5,0,0,5,2,2,5,0,0,5,0,1,1,1,1,1,1,5,0,5,5,1,1,5,1,1,5,0,5,5,0,5,2,2,5,2,2,5,2,2,5,0,0,0,5,0,0,5,0,0,5,0,0,5,0,5,0,0,5,0,0,0,0,0,0,0,0,5,0,0,0,0,0,0,0,0,0,0,0,0,5,0,0,0,0,0,0,0,0,0,0,0,0,5,0,0,0,0,0,0,0,0,0,0,0,0,5,5,0,0,0,0,0,0,0,0,0,0,0,0,0,5,0,0,0,0,0,0,0,0,0,0,0,0,0,5,0,0,0,0,0,0,0,0,0,0,0,0,5,5,0,0,0,0,0,0,0,0,0,0,5,5,0,0,0,0,0,0,0,0,0,0,5,0,0,0,0,0,0,0,0,0,0,0,0,0,0,5,1,1,1,1,1,1,5,0,2,5,0,0,5,2,2,5,2,2,5,0,5,5,0,5,0,0,5,0,0,5,2,0,5,0,0,5,1,1,5,0,5,5,2,5,5,0,5,5,1,5,5,0,5,2,2,5,0,5,5,1,5,5,0,5,0,5,5,0,5,5,1,5,5,1,5,1,1,1,1,1,1,1,1,1,1,1,0,2,2,0,0,0,5,5,0,0,0,0,0,0,0,0,0,0,5,5,0,0,1,1,1,1,1,1,1,1,1,1,0,0,5,0,0,0,0,0,0,0,0,0,0,0,0,0,0,0,0,0,0,0,0,0,0,0,0,0,0,0,0,0,0,0,0,0,0,0,0,0,0,0,0,0,0,0,0,0,0,5,0,0,0,0,0,0,0,0,0,0,0,0,0,0,0,0,0,0,0,0,0,0,0,0,0,0,0,0,0,5,5,5,0,0,0,0,0,0,0,0,0,0,0,0,0,0,0,0,0,5,5,0,0,0,0,
1,-896999586,1,41.0,517,0,0,0,0,0,0,0,1,0,1,0,0,1,0,1,1,0,1,1,0,0,5,0,0,0,0,0,5,5,0,5,0,0,5,0,0,0,0,5,5,0,0,1,1,0,5,5,0,0,2,2,0,0,0,0,2,2,2,2,2,2,2,2,2,2,0,0,0,0,0,2,2,0,5,5,0,0,2,2,2,2,2,2,2,0,0,0,2,2,2,2,0,0,0,0,0,0,0,0,0,0,0,0,0,0,0,0,0,0,0,0,0,0,0,0,0,0,0,0,0,0,0,0,0,0,5,5,0,0,0,0,0,0,0,0,0,0,0,0,0,0,0,0,5,5,0,0,0,0,0,0,0,0,0,0,0,0,0,5,5,0,0,0,0,0,0,0,0,0,0,0,0,0,0,0,0,0,5,5,0,0,0,0,0,0,0,0,0,0,0,5,0,5,0,0,5,0,0,5,0,0,0,5,0,0,5,0,0,5,0,5,5,0,5,5,0,5,5,0,5,5,0,0,5,0,0,5,0,5,0,0,5,0,0,5,0,0,5,5,0,5,0,0,0,0,0,5,5,0,0,0,0,5,5,5,0,0,5,5,0,0,0,0,5,5,0,0,5,5,0,0,5,5,0,0,5,5,0,0,0,5,0,0,0,5,5,0,0,5,5,0,5,0,0,0,0,0,0,0,0,0,5,5,0,0,5,5,0,0,0,0,0,0,0,5,5,0,5,5,0,5,5,0,0,5,0,0,0,0,0,5,0,0,5,5,0,5,5,0,0,5,0,0,5,0,0,5,0,0,5,0,0,5,0,5,5,0,5,5,0,5,5,0,5,5,0,5,5,0,5,5,0,5,5,0,5,5,0,5,5,0,5,5,0,5,5,0,5,5,0,5,5,0,5,5,0,5,5,0,5,5,0,5,5,0,5,5,0,5,5,0,5,5,0,5,5,0,0,5,0,5,5,5,0,0,0,0,0,0,0,0,0,1,1,1,1,1,1,1,1,1,1,1,1,1,1,1,1,1,1,1,1,1,1,1,1,1,1,1,1,1,1,1,5,5,0,5,0,0,5,5,0,0,5,0,0,0,0,0,0,0,0,0,0,0,0,0,0,0,0,0,0,0,0,0,0,0,0,0,0,0,0,0,0,0,0,0,0,0,0,0,5,5,0,0,0,0,0,
1,1006942179,1,76.0,835,0,0,0,0,0,1,1,1,1,1,0,0,0,0,0,2,0,0,5,0,0,0,0,2,0,5,0,0,0,0,0,0,5,5,0,0,0,0,0,5,0,0,0,1,0,0,5,5,0,0,2,2,0,0,0,2,0,0,0,0,1,0,0,5,0,0,5,0,0,2,2,0,0,0,5,0,0,5,0,1,1,1,1,1,1,1,1,1,1,1,1,1,1,1,1,1,1,5,0,0,5,0,5,5,0,5,0,0,5,0,5,5,0,5,5,0,5,0,0,5,0,0,5,0,0,5,0,5,5,0,5,5,0,5,5,0,5,5,0,5,5,0,5,5,0,5,5,0,0,0,0,0,5,0,0,5,0,0,5,5,2,2,0,5,5,0,0,5,0,5,5,0,5,5,0,0,5,0,5,5,0,5,5,0,5,5,0,5,5,0,1,0,5,0,0,5,0,0,5,0,0,5,0,0,5,5,0,5,0,0,5,0,0,5,0,0,5,0,0,5,0,0,5,0,0,5,0,0,5,5,0,0,5,0,0,0,0,0,5,5,0,0,5,0,0,5,0,1,0,5,0,0,5,0,2,5,0,0,5,5,2,5,5,0,5,5,0,5,5,2,2,5,5,0,5,0,0,5,5,0,5,5,0,5,5,0,5,5,0,5,5,0,5,5,1,1,5,0,0,5,5,1,5,5,2,2,5,5,0,0,5,5,0,5,0,0,5,0,0,5,5,0,5,0,0,5,5,0,0,5,0,2,5,5,0,5,5,0,0,5,0,0,5,0,2,2,5,0,0,5,5,0,0,5,0,0,5,5,0,0,5,5,0,5,5,1,0,0,5,5,0,0,5,0,0,5,0,0,5,0,0,5,5,0,5,5,0,0,5,0,1,1,1,0,0,0,5,0,0,5,0,0,0,5,0,0,5,5,0,2,2,0,0,2,2,0,0,2,0,5,0,0,0,5,0,0,5,1,0,5,0,0,5,5,0,5,5,0,5,5,0,0,5,1,0,5,0,0,5,5,0,0,5,1,0,5,0,1,0,5,0,1,5,0,1,5,0,0,5,5,2,2,5,2,2,5,2,0,5,5,0,5,5,0,2,5,0,2,5,0,2,5,5,2,0,5,2,0,5,5,0,5,5,0,0,5,0,2,5,0,2,2,5,2,2,5,2,0,5,5,2,0,5,0,0,5,0,0,5,0,0,5,0,5,0,0,5,0,5,5,0,5,5,0,5,5,0,5,5,0,0,1,0,5,5,0,5,5,0,1,1,0,0,0,0,0,5,0,0,0,0,0,0,0,5,0,0,0,0,0,0,2,2,2,0,0,0,0,0,0,1,0,5,5,0,0,0,0,1,1,0,0,2,2,2,2,0,0,5,5,0,0,0,5,0,2,2,5,2,2,2,5,0,0,5,0,0,5,5,0,5,0,0,5,0,0,5,0,0,5,0,1,1,0,5,5,0,0,5,2,2,0,5,0,0,5,5,0,1,0,0,0,0,0,5,5,0,0,5,0,0,5,0,0,5,2,2,0,0,2,0,0,0,0,0,5,5,0,0,5,0,0,0,0,0,1,0,0,5,5,0,0,5,0,5,5,0,2,2,0,2,2,0,0,0,0,0,1,0,0,0,0,0,0,1,0,0,5,5,0,0,0,1,1,1,5,5,1,1,5,0,0,5,0,0,5,1,1,5,0,0,5,5,0,0,5,0,0,5,0,0,5,2,2,5,0,0,5,0,0,5,2,2,5,5,2,2,2,2,2,2,2,5,0,0,5,0,0,0,0,0,5,5,0,0,1,1,1,1,1,1,0,0,0,0,0,0,0,1,1,5,0,0,5,0,0,2,2,2,2,2,2,2,2,0,0,1,1,1,1,1,1,5,0,0,5,
1,1046688821,1,48.0,533,0,0,0,0,0,0,1,1,0,0,1,0,5,0,0,1,1,5,5,0,5,5,0,2,2,5,0,0,5,2,2,5,0,2,5,5,2,5,5,1,0,5,1,0,5,0,0,5,0,0,5,0,0,5,0,0,5,0,0,5,0,0,0,0,0,0,0,0,0,5,0,1,1,5,0,0,5,5,0,0,5,5,2,2,0,0,0,0,2,0,0,0,2,2,2,2,2,2,0,0,5,0,0,0,0,5,0,0,5,5,0,0,5,0,0,5,5,0,5,5,0,0,0,5,5,0,0,5,5,0,0,5,0,0,5,5,0,0,5,0,0,5,0,0,5,5,0,0,5,0,0,5,0,0,0,5,5,0,0,0,0,0,0,0,0,5,0,0,0,0,0,0,0,0,0,0,0,0,0,0,0,5,5,0,0,0,0,0,0,0,0,0,0,0,0,0,0,0,0,5,5,0,0,0,0,2,2,2,2,2,2,2,2,2,5,5,0,0,0,1,1,1,1,1,1,1,1,1,5,5,0,0,5,5,0,0,5,0,0,5,5,0,0,5,0,0,5,5,0,0,0,5,0,0,0,5,0,0,5,5,0,0,5,0,0,5,5,0,0,5,0,0,5,5,0,0,5,0,0,5,5,0,0,5,0,0,5,0,0,5,5,0,0,5,5,0,0,5,0,0,0,5,0,0,0,0,0,0,0,0,0,5,5,0,0,0,0,0,0,0,0,0,0,0,0,0,0,0,5,0,0,0,0,0,0,0,0,0,0,0,0,0,0,0,0,5,5,0,0,0,0,0,0,0,0,0,0,0,0,0,0,0,5,5,0,0,0,0,0,0,0,0,0,0,0,0,0,0,0,5,5,0,0,0,0,0,0,0,0,0,0,0,0,0,0,5,5,0,0,0,0,0,0,0,0,0,0,0,0,0,0,5,5,0,0,0,0,0,0,0,0,0,0,0,0,0,5,5,0,0,0,0,0,0,0,0,0,0,0,0,0,0,0,0,0,5,5,0,0,0,0,0,0,0,0,0,0,0,0,0,0,0,0,0,0,0,0,0,0,0,0,0,0,0,0,0,0,0,0,0,0,0,0,0,0,0,5,5,0,0,0,0,0,0,0,0,0,0,0,0,5,0,0,0,0,2,2,2,2,2,2,5,5,2,2,5,2,2,5,0,0,5,0,0,5,0,0,5,0,5,0,0,5,0,
1,1106634228,1,70.0,633,0,0,0,0,0,0,0,0,0,0,5,0,0,5,0,0,5,0,0,5,0,0,5,1,0,5,0,0,5,0,0,5,0,0,5,0,0,5,1,1,5,5,0,5,5,0,5,0,0,5,0,1,5,5,0,0,5,0,0,5,0,0,2,2,5,0,0,5,0,0,5,0,0,5,2,2,5,5,2,2,5,0,0,5,0,2,5,5,2,2,5,2,2,5,2,2,5,0,0,5,5,1,1,5,0,0,5,2,0,5,2,0,5,0,0,5,0,2,5,5,2,2,5,0,1,5,5,1,5,5,1,5,5,1,5,5,1,5,1,0,5,1,1,5,1,1,5,0,0,5,1,1,5,5,1,5,5,0,5,5,0,5,5,0,1,5,0,0,5,1,0,5,0,0,5,5,1,1,5,0,0,5,1,1,5,5,0,5,5,0,2,5,0,0,5,1,1,5,5,1,5,5,0,5,5,1,1,5,1,1,5,1,1,5,1,1,5,0,0,5,5,0,5,5,0,5,5,0,5,5,0,5,5,2,0,5,0,0,5,0,0,5,5,0,0,5,0,0,5,0,0,5,0,0,5,0,0,5,5,0,5,5,0,0,5,0,0,5,5,0,0,5,0,0,5,0,0,5,5,0,0,5,0,0,5,5,0,5,5,0,0,5,0,0,5,0,0,5,5,0,0,5,0,0,5,5,0,5,5,0,0,5,0,0,5,0,0,5,0,0,5,5,0,5,5,0,0,5,2,2,5,5,0,0,5,0,0,5,0,2,0,5,0,0,0,5,0,0,2,5,0,0,5,5,0,0,5,0,0,5,5,0,0,5,1,0,5,5,2,0,5,5,0,0,5,2,0,5,5,0,0,5,0,0,5,2,2,2,5,2,0,5,0,0,5,5,2,2,5,0,0,5,0,2,5,0,0,5,0,0,5,0,0,5,0,0,0,5,5,1,1,5,1,1,5,1,1,5,1,1,5,0,0,0,5,0,0,5,0,0,5,0,0,5,0,0,5,5,0,5,5,0,0,5,0,0,5,0,0,5,5,0,5,5,0,0,0,0,0,0,0,0,0,5,0,0,0,0,0,0,0,0,0,0,0,0,0,5,0,0,0,0,1,5,5,0,5,5,0,0,5,0,0,5,0,0,5,5,0,5,5,0,0,5,5,5,0,0,5,0,0,5,0,0,5,5,0,0,2,2,2,2,2,2,2,5,0,0,5,0,0,5,0,1,1,1,1,1,1,1,1,2,2,2,2,2,2,2,2,2,2,2,2,2,2,5,5,0,0,0,5,0,0,5,0,0,0,5,0,2,2,0,5,0,0,5,5,0,0,5,0,0,5,0,0,5,0,0,5,0,0,0,0,0,0,0,0,0,5,5,0,0,0,0,0,0,0,0,0,0,0,0,0,0,0,0,0,0,5,5,0,0,0,0,
1,1198864119,1,42.0,577,0,0,0,0,0,0,0,0,0,1,0,1,1,0,1,1,0,1,1,0,5,0,0,0,0,0,0,0,0,0,0,0,0,0,0,0,5,5,0,0,0,0,0,0,0,0,0,0,0,0,0,5,5,0,0,0,0,0,0,0,0,0,1,0,5,5,0,0,2,2,2,2,2,2,2,2,2,2,2,2,2,2,2,2,2,2,2,2,2,2,0,0,0,0,0,0,0,0,0,0,0,0,0,0,0,0,0,0,0,5,5,0,0,0,0,0,0,0,0,0,0,0,0,0,0,0,5,5,0,0,0,0,0,0,0,0,0,0,0,5,5,0,0,0,0,0,0,0,0,0,0,0,0,0,0,0,0,0,0,0,0,0,0,0,0,0,0,0,0,0,0,0,0,0,0,0,5,0,0,0,0,0,0,0,0,0,0,0,0,0,5,5,1,1,1,5,1,1,1,1,1,1,1,1,1,1,1,1,1,1,1,1,1,1,5,5,0,0,0,0,0,1,1,1,1,1,1,1,1,1,1,1,0,0,0,2,2,2,2,2,2,2,2,2,0,5,5,0,0,0,1,1,1,1,1,1,1,1,1,0,0,2,2,2,2,2,2,2,2,2,2,0,5,5,0,1,1,1,1,1,1,1,1,1,1,1,0,0,0,2,2,2,2,2,2,2,2,2,2,5,5,1,1,1,1,1,1,1,1,1,1,1,1,1,0,2,2,2,2,2,2,2,2,2,0,0,5,5,0,0,5,0,0,5,2,2,2,2,2,2,2,2,1,1,1,0,0,0,0,0,2,2,0,5,5,1,1,0,0,0,0,0,1,1,1,1,1,1,1,5,5,0,5,2,2,2,0,0,0,0,0,0,5,5,1,1,5,5,0,1,1,1,1,1,1,1,1,1,1,1,5,5,0,0,5,0,5,5,0,5,5,0,5,5,0,0,0,0,0,0,0,0,0,0,0,0,5,0,0,5,0,0,5,5,0,5,5,0,5,5,0,5,5,0,5,5,0,0,5,0,0,5,0,0,5,5,0,5,5,0,5,5,0,5,5,0,5,5,0,0,5,0,0,5,5,0,5,5,0,5,5,0,5,5,0,5,5,0,5,5,0,5,5,0,5,5,0,5,5,0,0,5,0,0,5,0,0,0,0,0,5,5,0,0,5,5,0,0,0,0,0,0,2,2,2,2,2,2,2,2,0,5,5,1,1,1,1,1,1,1,1,1,1,1,1,1,0,2,2,2,2,2,2,2,2,2,2,0,0,5,5,0,0,0,0,0,0,5,0,5,0,0,5,1,1,1,1,1,
1,1301782892,1,49.0,636,0,0,0,0,0,0,0,0,1,1,1,0,1,1,0,0,0,0,0,5,5,0,0,0,0,0,0,0,0,0,5,0,0,5,5,0,0,0,0,0,0,0,0,0,0,0,0,0,0,0,0,0,5,5,5,0,0,0,0,0,0,0,0,0,0,0,0,2,2,2,2,2,2,2,0,0,0,0,0,2,2,2,0,0,0,0,0,0,0,0,0,5,5,0,0,0,0,0,0,0,0,0,0,0,5,0,0,5,0,0,5,5,0,0,0,0,0,2,2,2,2,2,2,2,2,2,2,0,0,0,0,0,0,0,0,0,0,0,0,0,0,0,0,0,0,0,0,0,0,0,0,0,0,0,5,5,0,5,5,0,0,0,5,5,0,0,5,0,0,5,0,0,5,5,0,0,5,0,0,5,5,0,5,5,0,5,5,0,5,5,0,5,5,0,0,5,5,0,5,5,0,0,5,0,0,5,5,0,0,5,0,0,5,0,0,5,5,0,5,5,0,0,5,0,0,5,5,0,5,5,0,5,5,0,5,5,0,5,5,0,0,5,0,0,5,5,0,5,5,0,5,5,0,5,5,0,0,5,5,0,0,0,0,1,1,1,1,1,1,1,1,1,1,1,1,1,1,1,1,1,1,1,1,1,1,1,1,1,1,1,1,1,1,1,0,5,5,0,5,5,0,5,5,0,5,5,0,0,5,0,0,5,5,0,5,5,0,0,5,2,0,5,0,0,5,5,0,2,5,0,0,5,0,1,5,0,0,1,5,0,0,5,5,0,0,5,0,0,5,0,0,5,0,0,5,5,0,5,5,0,0,5,0,0,5,5,0,0,0,0,0,0,0,0,0,2,2,2,0,0,0,0,0,5,5,0,5,5,0,5,5,0,5,0,1,5,5,1,5,5,0,5,5,0,5,5,0,5,5,0,5,5,0,0,5,2,2,5,0,0,0,0,1,5,5,0,0,5,0,0,5,0,5,5,1,1,5,5,0,5,5,0,0,5,0,0,5,0,0,5,5,0,5,5,0,1,5,0,0,5,5,0,5,5,0,5,5,0,0,5,0,0,5,5,0,5,5,0,0,5,0,0,5,0,0,5,5,0,0,5,0,0,5,5,0,5,5,0,5,5,0,0,5,5,0,5,5,0,5,5,0,5,5,0,0,5,0,0,5,0,0,5,5,0,0,5,0,0,0,5,0,0,0,0,2,2,2,2,2,2,2,2,5,5,0,0,1,1,0,5,5,0,5,5,0,1,5,5,0,0,5,0,0,5,5,2,0,5,1,1,5,0,1,5,5,0,0,5,2,0,0,0,0,0,0,5,5,0,0,0,0,0,0,0,5,5,0,0,0,0,0,0,0,0,0,0,2,2,0,0,0,5,5,0,0,5,5,0,5,5,0,0,5,0,0,5,0,0,5,0,0,5,5,0,5,5,0,
1,1723470440,1,50.0,530,0,0,0,0,0,0,0,1,0,1,1,1,0,1,1,5,5,5,5,5,5,5,5,5,5,5,5,5,5,5,0,0,5,1,0,5,0,5,1,1,5,1,0,5,1,0,5,2,5,5,2,5,2,0,5,1,0,5,1,0,5,1,0,5,0,0,5,1,5,5,1,5,0,2,0,0,2,0,2,2,0,2,0,0,2,0,2,2,0,2,2,0,2,0,0,0,0,2,0,0,2,0,2,2,0,2,2,0,0,5,0,0,5,0,0,5,0,0,0,5,0,0,5,0,0,5,0,5,5,0,5,0,0,5,0,0,5,0,0,5,0,0,5,0,0,5,5,0,5,0,0,5,0,0,5,5,0,0,5,0,0,5,0,2,2,2,0,5,5,0,0,5,0,0,5,0,0,5,0,0,5,0,0,5,0,0,5,0,0,0,0,0,0,0,0,5,0,0,5,0,0,0,0,0,0,0,0,0,0,0,5,0,0,0,0,0,0,0,0,0,0,0,0,0,0,5,0,0,0,0,0,0,0,0,0,0,0,0,0,0,0,0,5,0,0,0,0,0,0,0,0,0,0,0,0,0,0,5,0,0,0,0,0,0,0,0,0,0,0,0,0,5,5,0,0,0,0,0,0,0,0,0,0,0,0,0,0,5,0,0,0,0,0,0,0,0,0,0,0,0,0,0,0,0,0,5,0,0,0,0,0,0,0,0,0,0,0,0,0,5,0,0,0,0,0,0,0,0,0,0,0,0,0,5,5,0,0,0,0,0,0,0,0,0,0,0,0,0,0,5,5,0,0,0,0,0,0,0,0,0,0,0,0,5,0,0,0,0,0,0,0,0,0,0,0,0,0,5,0,0,0,0,0,0,0,0,0,0,0,0,5,5,0,0,0,0,0,0,0,0,0,0,0,0,2,2,2,0,0,0,0,0,0,1,1,5,5,0,0,1,1,1,1,0,5,0,0,1,1,1,1,1,1,1,1,1,0,0,0,0,0,5,5,0,0,0,0,0,0,0,0,0,5,0,0,0,0,5,0,0,1,1,1,1,1,1,1,1,1,1,0,0,0,0,0,2,2,0,5,5,0,0,0,0,0,0,0,0,0,0,0,0,0,5,0,0,0,0,0,0,1,1,1,1,0,0,0,0,0,0,0,0,0,0,0,0,0,0,0,0,0,0,5,0,0,0,0,0,2,2,2,
1,1733696969,0,31.0,384,0,0,0,0,0,0,0,0,0,1,1,0,1,1,0,1,0,0,1,0,5,5,0,0,0,0,0,0,0,0,0,0,5,5,0,5,5,0,0,0,2,2,2,2,2,2,2,2,0,0,0,0,0,2,2,0,0,0,0,0,0,0,0,0,0,0,0,0,0,0,0,0,0,0,0,0,0,0,0,0,0,0,0,0,0,0,5,5,0,0,0,0,0,0,0,0,0,0,0,0,0,0,0,0,5,5,5,0,0,0,0,0,0,0,0,0,2,2,2,2,5,5,5,2,5,5,2,2,5,5,2,2,5,5,0,0,5,0,0,5,0,0,5,5,1,0,5,5,1,1,1,1,1,1,1,1,5,5,0,5,5,2,0,5,0,0,5,1,1,5,1,1,1,1,1,1,1,1,1,5,1,0,5,5,0,0,5,0,0,0,5,0,0,0,5,0,0,5,0,0,0,0,0,0,0,0,0,5,5,0,5,5,0,5,5,0,5,0,0,5,5,0,5,0,0,5,5,0,5,5,0,5,5,0,5,5,0,5,5,0,5,5,0,5,5,0,0,5,0,0,5,5,0,5,5,0,5,0,0,5,5,0,5,0,0,5,0,0,5,0,0,5,5,0,5,1,1,5,5,1,1,5,1,1,1,1,1,1,1,5,0,0,5,0,0,5,0,0,5,0,0,5,0,5,5,0,5,5,0,0,5,0,0,5,0,0,0,5,0,0,5,0,0,5,0,0,5,5,0,5,5,0,0,5,5,0,0,5,0,0,5,0,0,5,5,0,0,5,0,0,5,5,0,5,5,0,5,5,0,0,5,0,0,5,0,0,5,5,0,5,0,0,5,5,0,5,5,0,0,5,0,0,5,0,0,
1,1739906502,1,54.0,450,0,0,0,0,0,0,0,0,5,5,0,5,5,0,5,5,0,2,2,5,2,0,0,5,0,0,5,0,0,5,5,0,0,0,0,0,0,0,0,0,5,0,0,5,0,0,2,0,2,2,2,0,1,0,0,2,5,5,0,2,5,5,0,2,5,5,2,2,5,2,2,5,5,1,1,0,5,1,0,5,1,1,5,5,1,0,5,0,2,5,0,0,5,0,0,5,2,0,0,5,0,0,5,2,2,2,2,2,2,5,0,5,5,0,5,5,0,5,5,0,0,5,0,0,1,5,0,2,5,0,0,5,2,2,5,5,2,0,5,2,0,5,2,0,5,2,0,5,0,0,5,0,0,5,5,0,2,0,0,2,0,0,0,5,0,0,5,0,0,5,0,0,5,0,0,5,0,0,5,0,0,5,0,0,5,0,0,5,0,0,0,5,0,0,5,0,0,5,0,0,5,5,0,0,5,0,0,5,5,0,0,5,0,0,5,0,0,1,1,1,0,1,1,0,0,0,0,0,2,2,5,5,0,0,5,0,0,5,2,2,2,2,5,0,0,5,0,0,5,0,0,5,5,0,5,5,0,0,5,0,5,5,0,0,5,0,0,5,5,0,5,5,0,5,5,0,0,5,0,0,5,0,0,5,5,0,5,5,0,0,5,0,0,5,0,0,5,5,0,5,5,0,0,5,0,0,5,0,0,5,0,0,5,5,0,5,5,0,5,5,0,0,5,0,0,5,5,0,5,5,0,5,5,0,5,5,0,0,5,0,0,5,5,0,0,5,0,0,5,0,0,5,0,0,5,5,0,0,5,0,0,5,0,0,5,5,0,5,5,0,0,5,0,0,5,0,0,5,5,0,1,5,1,0,5,1,1,5,1,1,5,5,1,5,5,0,0,5,5,1,1,5,0,0,0,5,0,0,0,0,0,0,0,0,0,0,5,5,0,0,5,5,0,0,5,5,0,0,5,0,0,5,0,0,0,0,0,0,0,0,0,0,5,0,0,0,0,0,0,0,1,
1,2013218807,1,40.0,484,0,0,0,0,0,0,0,0,1,1,1,1,1,1,1,0,0,5,0,0,5,0,5,5,0,0,5,0,0,5,5,0,0,5,0,0,5,0,0,2,2,0,5,0,0,5,5,0,5,5,0,0,5,5,0,5,5,0,5,5,0,1,0,2,2,2,2,2,2,2,2,2,0,0,0,0,0,0,2,2,0,0,5,5,0,0,5,5,0,0,5,2,2,2,2,2,2,2,2,2,2,0,5,5,0,0,0,0,0,0,0,0,5,5,0,0,0,0,0,0,0,0,0,5,5,0,0,0,0,0,0,0,0,0,0,0,0,0,0,0,0,5,0,0,0,0,0,0,0,0,0,0,0,0,0,5,5,0,0,0,0,0,0,0,0,0,0,0,0,0,5,5,0,0,0,0,0,0,0,0,0,0,0,5,5,0,0,0,0,0,0,0,0,0,0,5,5,0,0,0,0,0,0,0,0,0,0,0,0,5,5,0,0,0,0,0,0,0,0,0,0,0,0,0,5,5,0,0,0,0,0,0,0,0,0,0,0,0,5,0,0,5,5,0,0,0,0,0,0,0,0,0,0,0,0,5,0,0,0,0,0,0,0,0,0,0,0,0,0,0,5,5,0,0,0,0,0,0,0,0,0,0,0,0,0,5,5,0,0,0,0,0,0,0,0,0,0,0,0,5,5,0,0,0,0,0,0,0,0,0,0,0,0,0,5,0,0,0,0,0,0,0,0,0,0,0,0,0,0,5,5,0,0,0,0,0,0,0,0,0,0,5,5,5,0,0,0,0,0,0,0,0,0,0,0,0,0,0,0,0,0,5,5,0,0,0,0,0,0,0,0,0,0,0,0,0,5,5,0,0,0,0,0,0,0,0,0,0,0,0,0,0,0,0,0,0,5,5,0,0,0,0,0,0,0,0,0,0,0,0,5,5,0,0,0,0,0,0,0,0,5,5,0,0,0,0,0,0,0,1,1,1,1,1,1,1,1,1,5,5,0,0,0,0,0,0,0,0,0,5,5,0,0,2,2,2,2,2,2,2,2,0,0,0,0,0,0,0,0,0,0,0,0,0,0,0,0,0,5,5,0,0,0,0,0,
1,2122692410,1,46.0,591,0,0,0,0,0,0,0,0,0,1,0,1,0,0,1,0,1,1,0,0,1,0,1,0,0,5,5,0,0,1,0,5,5,0,0,0,0,0,2,2,0,0,5,5,0,0,0,0,0,0,0,0,0,0,0,0,0,1,5,5,0,0,5,0,0,0,0,0,0,0,1,1,0,5,5,0,0,0,0,2,2,0,5,5,0,0,0,0,0,0,0,0,0,0,0,0,5,5,0,0,0,0,2,2,2,2,2,2,2,2,2,2,2,0,0,0,0,0,0,5,0,0,2,2,0,0,0,0,0,0,2,2,2,2,2,0,0,0,2,2,0,0,2,2,0,5,5,0,5,5,0,5,5,0,0,5,0,0,5,0,0,5,0,0,0,0,0,0,0,0,0,5,5,0,0,5,5,0,0,5,5,0,0,0,0,0,0,0,0,5,5,0,0,0,0,0,0,0,0,0,0,5,5,0,0,0,0,0,5,5,0,0,0,0,0,1,1,1,1,1,1,1,0,0,0,0,0,0,5,5,0,0,0,0,0,0,0,0,0,0,0,5,5,0,5,5,0,0,0,0,0,0,0,5,0,0,5,0,0,5,5,0,0,5,0,0,5,0,0,5,0,5,5,1,1,1,1,1,1,1,1,1,1,1,1,1,1,1,1,1,1,1,1,1,1,1,0,5,5,0,0,5,0,0,5,0,5,5,0,5,5,0,5,0,0,5,0,0,5,0,0,5,0,5,5,0,5,5,2,2,5,0,2,5,0,0,5,5,0,5,5,0,5,5,0,5,5,0,0,5,1,0,5,5,1,5,5,0,5,5,0,5,5,0,5,5,0,0,5,2,2,5,5,0,5,5,1,1,5,1,1,5,5,1,5,5,0,5,0,0,5,0,5,5,0,0,5,0,0,5,0,5,5,0,0,0,0,0,0,5,2,2,5,5,0,5,5,0,5,5,0,5,5,0,5,5,1,5,1,1,5,1,1,5,0,0,5,0,0,5,0,0,5,0,5,5,0,5,5,0,5,5,0,5,5,0,5,5,0,5,0,0,5,5,0,5,5,0,5,5,0,5,0,5,5,0,5,5,0,5,5,0,5,5,0,5,5,0,0,5,0,0,5,0,0,5,5,0,0,5,0,0,5,0,0,5,0,0,5,0,0,5,0,0,5,0,0,5,5,0,5,5,0,5,5,2,0,5,0,0,5,0,0,5,1,0,2,2,2,0,0,2,2,0,2,2,0,2,2,0,5,1,1,1,1,1,1,1,1,0,5,0,0,5,0,5,5,0,0,5,0,0,5,0,0,5,0,5,5,0,5,0,0,0,0,0,0,0,5,0,0,5,
1,229324655,1,62.0,660,0,0,0,0,0,0,0,0,5,0,0,5,1,0,5,5,0,5,5,0,0,5,0,0,5,0,0,5,0,0,0,0,0,0,0,0,0,0,5,5,0,0,0,0,0,0,0,0,0,0,0,5,0,0,0,0,0,0,0,2,2,2,2,2,0,0,0,0,5,0,0,0,0,0,0,0,0,0,0,0,0,5,0,0,0,0,0,0,0,0,0,0,0,0,0,0,5,5,0,0,0,0,0,0,0,0,0,0,0,0,5,5,0,0,0,0,0,0,0,0,0,0,0,0,0,5,5,0,0,0,0,0,0,0,0,0,0,0,5,0,0,0,5,0,0,0,0,0,0,0,0,0,0,5,5,0,0,5,0,0,5,0,2,5,5,0,0,5,5,2,0,5,5,2,2,5,0,0,5,0,0,5,0,2,5,5,0,0,5,0,0,5,0,0,5,0,0,5,2,0,5,0,2,5,1,1,5,0,1,5,1,0,5,1,0,5,1,1,5,0,0,5,0,0,5,0,0,5,0,0,5,0,0,5,1,0,5,1,0,0,5,0,0,5,5,0,1,5,5,0,1,5,0,0,0,1,1,0,0,1,5,0,0,5,0,0,5,0,0,5,1,1,5,0,1,1,0,5,1,0,5,1,1,0,5,1,0,5,0,5,5,2,2,5,2,2,5,5,0,0,2,2,2,2,2,2,2,2,2,2,2,2,0,5,0,1,5,0,0,5,2,0,5,1,2,5,5,2,2,5,0,2,2,2,5,5,2,2,5,2,2,0,5,0,0,5,0,0,0,5,0,0,5,0,0,5,0,0,0,5,0,5,5,0,5,5,0,5,0,0,5,0,0,5,5,0,5,5,0,5,0,0,5,0,0,5,0,0,5,0,0,5,0,0,5,0,0,5,0,0,5,0,0,5,5,0,5,5,0,0,5,0,0,5,0,0,5,0,0,5,0,0,5,5,0,0,5,0,0,5,0,0,5,0,0,0,0,0,0,0,0,0,0,0,0,0,0,0,0,0,0,0,0,0,0,0,0,0,0,0,0,0,0,0,0,0,0,0,0,0,0,0,0,0,0,0,5,0,0,0,0,0,0,0,0,0,0,0,0,0,0,0,0,0,0,0,0,0,0,0,0,0,0,0,0,0,0,0,0,0,0,0,0,0,0,0,0,0,0,0,0,0,0,0,0,0,0,0,0,0,0,0,0,0,0,0,0,5,5,0,0,0,0,0,0,0,0,5,0,0,5,0,0,5,0,5,5,0,5,0,0,5,0,0,5,0,5,5,0,5,5,0,0,0,0,0,0,0,0,0,0,0,1,1,1,5,5,1,5,5,1,5,5,1,5,1,1,5,1,1,5,1,1,5,1,1,5,1,1,5,5,1,5,5,1,5,5,2,0,5,0,0,0,0,5,0,0,5,5,0,5,0,0,5,0,5,5,2,2,5,2,0,5,0,0,5,0,5,5,2,2,5,2,2,5,5,2,5,0,0,5,
1,369782589,0,39.0,497,0,0,0,0,0,0,0,0,0,0,0,0,0,0,1,1,0,1,1,0,1,0,0,1,0,5,0,0,0,0,0,0,5,0,0,5,0,0,5,5,0,5,5,0,1,5,5,0,0,5,0,5,5,0,0,5,0,5,5,2,0,5,0,0,2,2,2,2,2,2,2,2,2,2,0,0,0,0,1,1,0,0,0,5,5,2,2,2,2,2,2,2,2,2,2,2,2,2,0,5,5,5,5,5,0,0,5,0,0,5,0,0,5,5,0,0,5,0,0,5,0,0,5,0,0,5,5,0,0,5,0,0,5,0,0,5,5,0,5,5,0,0,5,0,0,5,0,0,5,5,0,5,0,0,5,5,0,5,5,0,5,5,0,5,5,0,5,5,0,0,5,0,0,5,0,0,5,0,0,5,0,0,5,5,0,5,5,0,0,5,0,0,5,5,0,5,5,0,0,5,0,0,5,0,0,5,5,0,5,5,0,5,0,0,5,5,1,1,1,1,1,1,1,1,5,1,1,5,1,1,5,1,1,1,1,1,1,1,1,1,1,1,1,1,1,1,1,1,1,1,1,1,5,5,0,5,5,0,0,0,0,0,0,0,0,5,0,0,5,0,0,5,0,0,5,0,0,5,5,0,0,5,0,0,0,0,0,0,0,0,0,0,0,0,0,0,0,0,0,5,0,5,5,0,5,5,0,5,5,0,0,5,0,0,5,0,0,5,0,0,5,0,0,5,0,0,5,5,0,0,5,0,0,5,0,0,5,0,0,5,0,0,5,5,0,0,5,0,0,5,5,0,5,5,0,5,5,0,0,5,0,0,5,0,0,5,0,0,5,5,0,5,5,0,5,5,0,5,5,0,0,5,0,0,5,5,0,5,5,0,0,5,0,0,5,5,0,5,5,0,5,5,0,0,5,0,0,5,5,0,5,5,0,5,5,0,5,5,0,5,5,0,0,5,0,0,5,5,0,5,5,0,5,5,0,0,5,5,0,5,5,0,0,5,0,0,5,5,0,5,0,0,0,5,0,5,5,0,5,5,0,0,5,0,0,5,5,0,0,5,5,0,0,5,5,0,0,0,0,5,5,0,0,0,0,0,0,0,0,0,0,0,0,0,0,0,5,5,
1,581306055,1,61.0,580,0,0,0,0,0,0,1,1,0,1,1,0,1,1,5,0,0,0,2,2,5,0,0,5,0,0,5,0,0,5,0,0,5,0,0,5,0,0,5,0,0,0,5,0,5,5,0,5,5,0,5,5,0,0,5,5,0,5,0,0,5,0,0,5,0,2,5,0,0,5,5,2,5,5,2,5,5,0,5,0,0,5,2,2,5,2,2,5,2,2,5,2,2,5,2,2,5,2,2,5,2,5,5,2,5,5,0,5,0,0,5,0,0,5,0,0,5,5,0,5,5,0,5,5,0,5,5,0,0,0,0,0,0,5,0,0,0,5,5,0,0,5,0,0,5,0,0,5,0,0,5,0,0,5,5,0,5,5,0,0,5,0,0,5,0,0,5,0,0,5,5,0,5,5,0,5,5,0,0,5,5,0,0,5,5,0,5,5,0,0,5,0,0,5,5,0,5,5,0,5,5,0,5,5,0,5,5,0,0,5,0,0,5,0,1,0,0,5,0,0,5,0,0,5,0,0,5,5,0,1,5,0,0,1,1,0,1,1,5,0,0,5,5,2,2,5,5,2,5,5,1,1,5,0,1,5,5,2,2,5,2,2,5,5,2,5,5,0,0,5,0,0,5,0,0,5,5,2,0,5,5,0,0,5,0,1,1,1,0,5,5,2,0,5,5,1,1,5,0,1,5,0,2,2,5,2,2,5,5,2,2,5,0,0,5,5,1,0,5,5,2,2,5,5,0,1,1,5,0,2,2,0,5,5,2,0,5,5,1,1,5,1,1,5,5,1,5,5,1,1,5,1,1,5,5,1,1,5,1,1,5,1,1,1,5,1,1,5,2,2,5,5,0,0,5,0,0,5,5,0,0,5,1,1,5,5,1,1,5,1,1,0,5,0,0,5,5,0,0,5,0,0,2,5,5,0,0,5,2,2,2,5,0,0,5,5,0,0,5,0,0,5,5,0,0,5,0,0,5,5,0,0,5,0,0,5,0,0,5,5,0,0,5,0,2,2,2,2,5,0,0,5,5,0,0,5,0,0,5,0,0,5,1,1,1,5,1,1,5,5,1,1,5,1,1,5,5,1,5,5,1,5,5,1,5,5,1,1,5,1,1,0,0,0,0,0,5,5,2,0,0,0,0,0,5,0,1,0,0,5,2,0,0,0,0,5,0,0,5,5,0,0,5,0,0,0,0,0,0,0,0,0,0,2,2,2,2,0,5,5,0,0,5,5,2,2,5,5,0,0,5,1,1,0,5,5,0,0,0,5,0,0,0,5,0,0,0,0,2,0,5,5,1,0,0,5,0,1,1,1,5,
1,734583491,1,42.0,428,0,0,0,0,0,0,0,0,0,0,0,1,1,0,1,1,0,1,0,0,5,5,0,5,5,0,0,5,0,0,5,5,0,0,5,0,0,5,0,0,0,0,0,0,0,0,0,0,0,5,5,0,0,0,0,0,0,0,0,0,0,0,5,5,0,0,0,0,0,0,0,0,0,0,0,0,5,5,0,0,0,0,0,0,0,0,0,0,0,0,0,5,5,0,0,0,0,0,0,0,0,0,0,0,0,0,0,5,0,0,0,0,0,0,0,0,0,0,0,0,5,5,0,0,0,0,0,0,0,0,0,0,1,0,5,5,0,0,0,0,0,0,0,0,0,0,0,0,0,5,0,0,0,0,0,0,0,0,0,0,0,1,1,5,5,0,0,0,0,0,0,0,2,2,2,2,2,2,2,2,2,2,2,2,0,0,0,0,2,0,5,5,0,0,0,0,0,0,0,0,0,0,0,0,0,5,5,0,0,0,0,0,0,0,0,0,0,0,0,5,0,0,0,0,0,0,0,0,0,0,0,0,0,0,5,5,0,0,0,0,0,0,0,0,0,0,0,0,0,5,5,0,0,0,0,0,0,0,0,0,0,0,0,0,0,0,5,5,0,0,0,0,0,0,0,0,0,0,0,0,0,0,0,0,5,0,0,0,0,0,0,0,0,0,0,0,0,0,0,5,0,0,0,0,0,0,0,0,0,0,0,0,0,0,0,5,5,0,0,0,0,0,0,0,0,0,0,0,0,0,0,5,5,0,0,0,0,0,0,0,0,0,0,0,0,0,5,5,0,0,0,0,0,0,0,0,0,0,0,0,0,5,0,0,0,0,0,0,0,0,0,0,0,0,0,0,0,0,5,5,0,0,0,0,0,0,0,0,0,0,0,0,0,0,0,0,0,0,0,0,0,2,2,0,5,5,0,0,5,0,5,5,0,0,5,0,0,0,0,0,0,0,0,5,0,0,0,0,0,
1,882025541,1,61.0,578,0,0,0,0,0,0,0,0,1,1,1,0,0,0,1,1,0,0,0,0,5,0,0,5,0,0,5,5,0,5,5,0,5,5,0,5,5,0,0,5,5,0,0,5,0,0,5,0,0,0,0,0,0,0,0,0,0,0,0,0,0,5,0,0,0,0,0,0,0,0,0,0,0,0,0,5,5,0,0,0,0,0,0,0,0,0,0,0,0,0,0,5,5,0,0,0,0,0,0,0,2,2,2,2,2,2,2,2,5,0,0,5,0,0,5,1,0,5,0,0,5,5,0,5,5,0,0,5,0,0,5,0,5,0,0,5,0,0,5,0,0,5,0,0,5,5,0,0,5,0,0,0,5,0,1,1,0,5,0,0,5,5,0,5,5,0,5,5,0,2,2,0,0,5,0,0,0,1,0,0,5,5,5,0,0,5,0,0,5,0,0,1,1,0,5,0,0,0,5,0,0,5,1,1,5,5,0,5,5,0,0,5,0,0,5,0,0,5,0,0,5,0,0,0,5,0,2,0,0,5,5,1,1,5,0,0,0,0,5,5,0,0,5,0,0,5,0,0,5,0,0,5,0,0,5,0,0,5,5,0,0,0,0,0,0,0,0,1,1,1,1,1,1,1,5,1,1,1,5,1,1,5,5,0,5,5,0,0,5,0,0,5,0,0,5,0,0,5,5,0,0,5,0,2,5,0,0,5,5,0,0,5,5,0,0,5,5,0,0,2,2,5,0,0,5,5,0,5,5,0,0,5,0,0,5,0,0,5,0,0,5,2,0,0,5,0,0,5,5,0,0,5,5,0,2,5,2,0,5,0,0,5,5,0,0,5,0,0,5,0,0,5,0,0,5,0,2,2,5,0,0,5,0,1,1,5,5,0,5,5,0,0,5,0,0,5,0,0,5,0,0,5,0,0,5,5,0,5,5,0,5,5,0,0,5,0,0,5,0,0,5,0,0,5,0,0,5,0,0,0,5,0,0,0,0,0,0,0,0,5,0,0,0,0,0,0,0,0,0,0,0,0,0,5,0,0,0,0,0,0,0,0,0,0,0,0,5,0,0,0,0,0,0,0,0,0,0,0,0,0,0,0,5,5,0,0,0,0,1,1,1,0,0,0,0,2,2,0,5,0,0,1,1,0,0,0,0,0,0,0,5,5,0,0,0,0,0,0,0,0,0,0,0,5,0,0,5,0,0,5,0,0,5,0,0,5,0,0,5,2,2,2,2,2,5,5,0,5,5,0,0,5,0,0,0,0,0,5,2,0,0,5,0,0,5,0,0,5,0,0,5,0,0,5,0,0,5,0,0,
