Human/AI, ID, Skill, GameID, LevelID, Seed, Win, Score, Tick
0,1,0,77,0,1730703372,0,23.0,442,4,1,5,5,4,2,5,5,2,5,2,1,2,5,4,1,4,5,3,2,2,5,3,2,5,5,5,2,4,4,2,4,2,5,4,3,5,1,1,2,2,4,1,2,2,5,3,1,4,2,4,2,1,2,1,3,2,5,4,2,3,4,3,3,1,2,2,4,1,5,5,5,2,1,2,2,5,2,1,2,4,4,1,1,3,1,2,3,1,1,1,1,4,5,3,3,2,4,4,4,1,5,5,5,2,2,1,4,5,3,4,3,5,2,4,3,2,2,2,1,3,5,4,1,1,2,2,5,5,1,5,4,3,3,5,1,5,1,5,1,5,4,4,5,5,2,2,5,2,3,2,1,5,3,1,1,2,2,2,3,5,2,1,1,5,3,1,3,2,3,1,1,5,5,2,5,1,5,4,3,1,1,1,2,5,5,1,3,4,1,5,2,5,3,4,3,2,5,5,5,1,3,4,3,4,4,4,4,1,1,5,4,2,4,4,3,4,2,4,4,1,4,5,2,1,3,1,5,2,3,5,1,5,1,1,2,5,5,3,5,3,5,2,5,5,5,2,3,3,3,1,5,3,3,2,2,5,5,1,3,5,1,4,1,5,3,3,1,3,4,3,5,1,1,1,5,4,4,4,2,1,4,5,5,4,1,1,1,1,2,5,5,2,1,3,2,4,1,4,5,3,3,2,1,1,2,5,2,4,1,4,2,2,5,5,1,4,5,2,1,1,4,3,2,5,2,2,4,5,4,2,2,5,1,1,2,5,3,4,3,1,3,2,2,4,2,1,2,1,5,3,2,3,4,1,4,1,4,1,1,1,1,4,4,4,4,5,3,5,3,5,2,2,5,5,1,4,3,4,5,4,4,4,3,3,5,5,5,5,5,3,5,5,5,1,4,3,4,2,5,3,2,5,2,2,3,5,4,1,2,5,3,1,2,5,3,3,2,1,5,5,1,4,4,3,2,2,5,5,1,1,1,2,1,5,4,5,5,1,2,2,5,4,
1,0,1,0,4,-1084415963,0,6.0,163,0,0,0,0,2,2,2,2,0,2,2,0,2,2,2,2,2,2,2,2,2,2,2,2,2,2,2,2,2,2,2,2,0,0,0,0,0,2,2,2,2,2,2,0,5,0,0,0,0,0,0,0,0,0,0,0,0,0,0,0,0,0,0,0,0,0,0,0,0,0,0,0,0,0,0,0,0,0,0,0,0,0,0,0,0,0,0,0,0,0,0,0,0,0,0,0,0,0,0,0,0,0,0,0,0,0,0,0,0,0,0,5,0,5,0,0,5,0,5,0,0,5,0,5,5,0,5,0,0,5,0,0,5,0,5,0,0,5,0,0,5,0,0,5,0,5,5,0,5,0,0,5,0,0,5,0,0,5,0,5,5,0,5,0,
0,0,0,0,4,899059855,0,36.0,405,5,5,5,5,5,5,5,5,5,5,5,5,5,5,5,5,5,5,5,5,5,5,5,5,5,5,5,5,5,5,5,5,5,5,5,5,5,5,5,5,5,5,5,5,5,5,5,5,5,5,5,5,5,5,5,5,5,5,5,5,5,5,5,5,5,5,5,5,5,5,5,5,5,5,5,5,5,5,5,5,5,5,5,5,5,5,5,5,5,5,5,5,5,5,5,5,5,5,5,5,5,5,5,5,5,5,5,5,5,5,5,5,5,5,5,5,5,5,5,5,5,5,5,5,5,5,5,5,5,5,5,5,5,5,5,5,5,5,5,5,5,5,5,5,5,5,5,5,5,5,5,5,5,5,5,5,5,5,5,5,5,5,5,5,5,5,5,5,5,5,5,5,5,5,5,5,5,5,5,5,5,5,5,5,5,5,5,2,5,5,5,5,5,5,5,5,5,5,5,5,1,5,5,5,5,5,5,5,5,5,5,5,5,5,5,5,5,5,5,5,5,5,5,5,5,5,5,5,5,5,5,5,5,5,5,5,5,5,5,5,5,5,5,5,5,5,5,5,5,5,5,5,5,5,5,5,5,5,5,5,5,5,5,5,5,5,5,5,5,5,5,5,5,5,5,5,5,5,5,5,5,5,5,5,5,5,5,5,5,5,5,5,5,5,5,5,5,5,5,5,5,5,5,5,5,5,5,5,5,5,5,5,5,5,5,5,5,5,5,5,5,5,5,5,5,5,5,5,5,5,5,5,5,5,5,5,5,5,5,5,5,5,5,5,5,5,5,5,5,5,5,5,5,5,5,5,5,5,5,5,5,5,5,5,5,5,5,5,5,5,5,5,5,5,5,5,5,5,5,5,5,5,5,5,5,5,5,5,5,5,5,5,5,5,5,5,5,5,5,5,5,5,5,5,5,5,
0,1,0,42,0,-1750315664,1,1.0,727,1,1,1,1,1,1,1,1,2,1,1,3,4,2,1,4,3,1,1,1,4,4,1,2,2,4,1,3,1,1,2,2,4,4,4,1,1,1,1,3,3,2,3,3,1,4,2,3,2,1,2,2,1,4,3,4,3,3,1,2,1,1,1,2,4,3,2,2,4,3,4,1,1,2,3,4,3,2,1,2,2,1,4,1,3,2,2,4,3,4,1,2,2,1,3,1,1,2,1,2,2,4,3,4,4,3,2,3,3,4,4,3,2,4,3,4,3,3,3,3,1,3,2,2,2,3,4,2,2,2,1,2,1,2,3,3,1,3,1,1,1,1,2,3,4,3,3,3,3,2,2,2,3,1,3,1,4,3,4,3,4,3,1,3,1,1,2,4,2,2,2,1,1,4,3,4,1,3,3,1,4,2,2,3,2,2,3,1,4,4,3,1,1,3,3,3,3,4,4,3,4,3,2,1,1,4,3,2,1,3,3,1,2,4,3,1,4,2,2,1,2,1,3,1,3,1,2,3,4,1,3,1,2,4,1,1,4,2,3,1,1,2,3,4,2,1,2,3,1,3,4,2,4,3,1,1,1,1,1,3,1,4,4,1,1,3,1,1,2,4,3,3,3,2,1,1,1,3,2,1,2,4,1,1,3,3,2,2,1,2,3,1,2,4,3,2,1,1,1,3,4,2,3,2,2,2,2,3,3,2,1,1,1,2,2,1,1,3,2,1,3,2,1,3,4,1,2,1,4,4,3,3,2,3,3,1,2,4,1,4,1,2,2,4,2,3,2,3,3,1,2,3,2,1,2,3,2,2,3,3,4,1,2,3,2,4,3,1,1,3,4,1,2,3,4,4,1,3,2,1,3,1,2,1,1,3,1,1,3,4,2,2,2,2,2,1,1,2,2,4,1,3,1,1,2,4,1,2,1,2,1,2,1,2,2,3,3,1,3,2,4,1,1,1,2,1,4,2,2,3,1,1,3,2,2,2,3,4,1,1,1,4,2,3,3,1,4,3,3,2,1,3,3,2,2,1,3,1,2,2,1,3,2,2,1,1,2,3,1,3,1,3,1,1,3,4,1,2,3,3,3,1,1,4,2,1,1,2,2,1,2,1,1,1,2,1,3,3,1,2,1,1,2,4,3,3,1,1,1,2,2,1,2,1,2,1,2,3,1,2,2,2,2,1,2,2,1,4,3,3,2,3,1,1,1,1,1,3,4,4,1,2,2,3,2,2,4,1,1,3,3,2,2,1,2,1,2,2,1,3,3,3,2,1,3,2,3,4,3,1,1,3,3,1,1,1,3,3,2,4,3,3,1,4,4,2,2,4,2,3,2,1,3,3,3,1,3,2,3,2,1,2,2,2,2,3,2,1,1,2,3,2,2,4,3,2,3,3,1,1,3,2,1,4,3,4,1,2,3,3,1,3,4,1,3,1,1,1,3,4,4,2,2,3,3,4,2,3,1,1,4,4,2,2,4,3,3,3,1,1,2,1,4,3,2,1,3,1,3,2,1,3,2,2,1,3,1,3,2,1,1,3,3,4,3,1,3,3,2,2,1,3,3,1,1,2,2,2,2,2,2,2,4,3,2,3,2,3,3,4,3,2,3,2,3,2,3,1,2,3,1,4,4,2,2,3,2,3,
0,0,0,42,2,-2071763883,0,0.0,2000,1,1,1,1,1,1,1,1,1,1,1,1,1,1,1,1,1,1,1,1,1,1,1,1,1,1,1,1,1,1,1,1,1,1,1,1,1,1,1,1,1,1,1,1,1,1,1,1,1,1,1,1,1,1,1,1,1,1,1,1,1,1,1,1,1,1,1,1,1,1,1,1,1,1,1,1,1,1,1,1,1,1,1,1,1,1,1,1,1,1,1,1,1,1,1,1,1,1,1,1,1,1,1,1,1,1,1,1,1,1,1,1,1,1,1,1,1,1,1,1,1,1,1,1,1,1,1,1,1,1,1,1,1,1,1,1,1,1,1,1,1,1,1,1,1,1,1,1,1,1,1,1,1,1,1,1,1,1,1,1,1,1,1,1,1,1,1,1,1,1,1,1,1,1,1,1,1,1,1,1,1,1,1,1,1,1,1,1,1,1,1,1,1,1,1,1,1,1,1,1,1,1,1,1,1,1,1,1,1,1,1,1,1,1,1,1,1,1,1,1,1,1,1,1,1,1,1,1,1,1,1,1,1,1,1,1,1,1,1,1,1,1,1,1,1,1,1,1,1,1,1,1,1,1,1,1,1,1,1,1,1,1,1,1,1,1,1,1,1,1,1,1,1,1,1,1,1,1,1,1,1,1,1,1,1,1,1,1,1,1,1,1,1,1,1,1,1,1,1,1,1,1,1,1,1,1,1,1,1,1,1,1,1,1,1,1,1,1,1,1,1,1,1,1,1,1,1,1,1,1,1,1,1,1,1,1,1,1,1,1,1,1,1,1,1,1,1,1,1,1,1,1,1,1,1,1,1,1,1,1,1,1,1,1,1,1,1,1,1,1,1,1,1,1,1,1,1,1,1,1,1,1,1,1,1,1,1,1,1,1,1,1,1,1,1,1,1,1,1,1,1,1,1,1,1,1,1,1,1,1,1,1,1,1,1,1,1,1,1,1,1,1,1,1,1,1,1,1,1,1,1,1,1,1,1,1,1,1,1,1,1,1,1,1,1,1,1,1,1,1,1,1,1,1,1,1,1,1,1,1,1,1,1,1,1,1,1,1,1,1,1,1,1,1,1,1,1,1,1,1,1,1,1,1,1,1,1,1,1,1,1,1,1,1,1,1,1,1,1,1,1,1,1,1,1,1,1,1,1,1,1,1,1,1,1,1,1,1,1,1,1,1,1,1,1,1,1,1,1,1,1,1,1,1,1,1,1,1,1,1,1,1,1,1,1,1,1,1,1,1,1,1,1,1,1,1,1,1,1,1,1,1,1,1,1,1,1,1,1,1,1,1,1,1,1,1,1,1,1,1,1,1,1,1,1,1,1,1,1,1,1,1,1,1,1,1,1,1,1,1,1,1,1,1,1,1,1,1,1,1,1,1,1,1,1,1,1,1,1,1,1,1,1,1,1,1,1,1,1,1,1,1,1,1,1,1,1,1,1,1,1,1,1,1,1,1,1,1,1,1,1,1,1,1,1,1,1,1,1,1,1,1,1,1,1,1,1,1,1,1,1,1,1,1,1,1,1,1,1,1,1,1,1,1,1,1,1,1,1,1,1,1,1,1,1,1,1,1,1,1,1,1,1,1,1,1,1,1,1,1,1,1,1,1,1,1,1,1,1,1,1,1,1,1,1,1,1,1,1,1,1,1,1,1,1,1,1,1,1,1,1,1,1,1,1,1,1,1,1,1,1,1,1,1,1,1,1,1,1,1,1,1,1,1,1,1,1,1,1,1,1,1,1,1,1,1,1,1,1,1,1,1,1,1,1,1,1,1,1,1,1,1,1,1,1,1,1,1,1,1,1,1,1,1,1,1,1,1,1,1,1,1,1,1,1,1,1,1,1,1,1,1,1,1,1,1,1,1,1,1,1,1,1,1,1,1,1,1,1,1,1,1,1,1,1,1,1,1,1,1,1,1,1,1,1,1,1,1,1,1,1,1,1,1,1,1,1,1,1,1,1,1,1,1,1,1,1,1,1,1,1,1,1,1,1,1,1,1,1,1,1,1,1,1,1,1,1,1,1,1,1,1,1,1,1,1,1,1,1,1,1,1,1,1,1,1,1,1,1,1,1,1,1,1,1,1,1,1,1,1,1,1,1,1,1,1,1,1,1,1,1,1,1,1,1,1,1,1,1,1,1,1,1,1,1,1,1,1,1,1,1,1,1,1,1,1,1,1,1,1,1,1,1,1,1,1,1,1,1,1,1,1,1,1,1,1,1,1,1,1,1,1,1,1,1,1,1,1,1,1,1,1,1,1,1,1,1,1,1,1,1,1,1,1,1,1,1,1,1,1,1,1,1,1,1,1,1,1,1,1,1,1,1,1,1,1,1,1,1,1,1,1,1,1,1,1,1,1,1,1,1,1,1,1,1,1,1,1,1,1,1,1,1,1,1,1,1,1,1,1,1,1,1,1,1,1,1,1,1,1,1,1,1,1,1,1,1,1,1,1,1,1,1,1,1,1,1,1,1,1,1,1,1,1,1,1,1,1,1,1,1,1,1,1,1,1,1,1,1,1,1,1,1,1,1,1,1,1,1,1,1,1,1,1,1,1,1,1,1,1,1,1,1,1,1,1,1,1,1,1,1,1,1,1,1,1,1,1,1,1,1,1,1,1,1,1,1,1,1,1,1,1,1,1,1,1,1,1,1,1,1,1,1,1,1,1,1,1,1,1,1,1,1,1,1,1,1,1,1,1,1,1,1,1,1,1,1,1,1,1,1,1,1,1,1,1,1,1,1,1,1,1,1,1,1,1,1,1,1,1,1,1,1,1,1,1,1,1,1,1,1,1,1,1,1,1,1,1,1,1,1,1,1,1,1,1,1,1,1,1,1,1,1,1,1,1,1,1,1,1,1,1,1,1,1,1,1,1,1,1,1,1,1,1,1,1,1,1,1,1,1,1,1,1,1,1,1,1,1,1,1,1,1,1,1,1,1,1,1,1,1,1,1,1,1,1,1,1,1,1,1,1,1,1,1,1,1,1,1,1,1,1,1,1,1,1,1,1,1,1,1,1,1,1,1,1,1,1,1,1,1,1,1,1,1,1,1,1,1,1,1,1,1,1,1,1,1,1,1,1,1,1,1,1,1,1,1,1,1,1,1,1,1,1,1,1,1,1,1,1,1,1,1,1,1,1,1,1,1,1,1,1,1,1,1,1,1,1,1,1,1,1,1,1,1,1,1,1,1,1,1,1,1,1,1,1,1,1,1,1,1,1,1,1,1,1,1,1,1,1,1,1,1,1,1,1,1,1,1,1,1,1,1,1,1,1,1,1,1,1,1,1,1,1,1,1,1,1,1,1,1,1,1,1,1,1,1,1,1,1,1,1,1,1,1,1,1,1,1,1,1,1,1,1,1,1,1,1,1,1,1,1,1,1,1,1,1,1,1,1,1,1,1,1,1,1,1,1,1,1,1,1,1,1,1,1,1,1,1,1,1,1,1,1,1,1,1,1,1,1,1,1,1,1,1,1,1,1,1,1,1,1,1,1,1,1,1,1,1,1,1,1,1,1,1,1,1,1,1,1,1,1,1,1,1,1,1,1,1,1,1,1,1,1,1,1,1,1,1,1,1,1,1,1,1,1,1,1,1,1,1,1,1,1,1,1,1,1,1,1,1,1,1,1,1,1,1,1,1,1,1,1,1,1,1,1,1,1,1,1,1,1,1,1,1,1,1,1,1,1,1,1,1,1,1,1,1,1,1,1,1,1,1,1,1,1,1,1,1,1,1,1,1,1,1,1,1,1,1,1,1,1,1,1,1,1,1,1,1,1,1,1,1,1,1,1,1,1,1,1,1,1,1,1,1,1,1,1,1,1,1,1,1,1,1,1,1,1,1,1,1,1,1,1,1,1,1,1,1,1,1,1,1,1,1,1,1,1,1,1,1,1,1,1,1,1,1,1,1,1,1,1,1,1,1,1,1,1,1,1,1,1,1,1,1,1,1,1,1,1,1,1,1,1,1,1,1,1,1,1,1,1,1,1,1,1,1,1,1,1,1,1,1,1,1,1,1,1,1,1,1,1,1,1,1,1,1,1,1,1,1,1,1,1,1,1,1,1,1,1,1,1,1,1,1,1,1,1,1,1,1,1,1,1,1,1,1,1,1,1,1,1,1,1,1,1,1,1,1,1,1,1,1,1,1,1,1,1,1,1,1,1,1,1,1,1,1,1,1,1,1,1,1,1,1,1,1,1,1,1,1,1,1,1,1,1,1,1,1,1,1,1,1,1,1,1,1,1,1,1,1,1,1,1,1,1,1,1,1,1,1,1,1,1,1,1,1,1,1,1,1,1,1,1,1,1,1,1,1,1,1,1,1,1,1,1,1,1,1,1,1,1,1,1,1,1,1,1,1,1,1,1,1,1,1,1,1,1,1,1,1,1,1,1,1,1,1,1,1,1,1,1,1,1,1,1,1,1,1,1,1,1,1,1,1,1,1,1,1,1,1,1,1,1,1,1,1,1,1,1,1,1,1,1,1,1,1,1,1,1,1,
1,1,0,0,2,-1848177444,1,44.0,550,0,2,2,2,2,2,2,2,2,2,0,0,0,0,0,0,1,1,0,1,0,0,1,0,1,0,0,0,2,2,0,0,0,0,0,0,1,0,0,1,0,0,1,1,1,1,1,1,1,1,1,1,0,0,0,0,0,1,1,0,0,1,0,0,5,0,5,0,0,5,2,2,0,0,0,0,5,5,0,5,0,2,2,0,0,5,5,0,0,5,0,0,0,0,0,1,1,0,0,5,0,0,5,0,5,5,0,5,0,0,5,0,0,0,5,0,5,0,5,0,5,0,5,0,5,5,0,5,0,5,5,0,5,5,0,5,0,5,5,0,5,0,5,5,0,5,0,5,5,0,5,0,5,5,0,5,0,0,5,0,0,0,0,5,0,5,5,0,5,0,5,5,0,5,0,5,5,0,5,0,0,5,0,0,5,0,0,5,0,0,5,0,0,5,0,5,5,0,5,5,0,5,5,0,5,5,0,5,5,0,5,0,0,5,0,5,5,0,5,5,0,5,5,0,5,5,0,0,5,0,0,5,5,0,0,5,5,0,5,5,0,5,5,0,5,5,0,0,5,5,0,5,5,0,0,0,5,5,0,0,5,0,0,5,5,0,0,5,0,0,5,5,0,5,5,0,0,5,0,0,5,0,0,5,5,0,0,5,5,0,5,0,2,2,2,2,2,2,0,0,5,5,0,5,0,0,0,5,5,0,0,5,0,0,5,5,0,5,5,0,0,0,5,5,0,0,5,5,0,0,5,0,0,5,0,0,5,5,0,5,5,0,0,5,5,0,0,5,5,0,0,5,5,0,0,5,5,0,5,0,0,5,5,0,5,5,0,2,2,0,2,2,2,2,2,2,2,2,2,0,0,0,0,1,1,0,1,1,0,1,5,5,0,0,5,0,0,5,0,0,5,0,0,2,2,2,0,0,0,0,0,0,1,1,0,0,0,0,0,5,5,0,5,5,0,0,5,0,0,5,0,0,0,5,5,0,0,0,1,0,0,0,0,5,5,0,5,0,5,0,5,5,0,5,0,0,0,0,0,0,0,0,2,0,1,1,1,1,1,1,0,5,5,0,0,0,5,0,0,5,5,0,5,5,0,5,5,0,0,5,0,0,5,5,0,0,0,0,0,0,0,2,2,2,2,2,0,0,0,5,5,0,0,0,5,0,5,5,5,5,0,5,0,0,5,0,1,1,1,1,1,1,1,5,5,0,5,0,0,5,0,0,5,0,0,5,5,0,5,5,0,
1,0,1,77,0,1664514026,0,61.0,774,0,0,0,0,0,3,0,3,3,0,0,1,1,0,1,1,0,0,0,0,3,3,3,0,0,1,1,1,0,0,4,0,0,0,5,0,0,0,0,5,0,5,0,0,5,0,5,0,0,0,0,5,0,5,0,0,1,1,1,0,5,0,5,0,0,5,0,0,5,0,0,5,0,5,0,4,0,5,0,0,5,0,0,5,0,5,0,0,5,0,0,0,0,5,0,0,5,0,5,0,0,5,0,0,5,0,5,0,2,2,2,2,2,2,0,0,0,4,4,5,5,0,5,0,0,5,0,0,5,0,0,5,0,0,5,0,5,5,0,5,0,0,5,0,0,0,0,1,1,1,1,0,4,4,0,0,5,0,0,5,0,5,0,0,5,0,0,5,0,0,5,0,0,5,0,5,0,0,5,0,0,5,0,0,5,0,0,5,0,0,5,0,0,0,0,5,0,0,5,0,0,5,0,1,1,1,0,0,4,4,0,5,0,0,5,0,0,5,0,5,5,0,0,3,3,3,1,1,1,0,0,0,0,0,5,5,5,0,0,0,0,5,0,0,5,4,0,5,0,0,4,0,5,0,0,5,0,2,2,5,0,0,5,0,0,0,0,2,2,2,0,0,5,0,0,5,0,2,2,2,2,2,2,2,2,2,3,3,3,3,3,3,3,0,1,1,1,1,1,1,1,1,1,1,1,1,0,2,2,2,2,0,0,2,2,2,2,2,2,2,2,0,0,1,1,1,1,1,1,1,0,4,4,0,5,0,0,5,0,5,0,0,5,0,0,5,0,0,5,0,5,0,0,5,0,0,5,0,0,0,0,0,0,0,5,0,0,5,0,0,0,0,5,0,0,5,0,0,5,0,0,0,0,0,0,0,5,0,0,5,0,0,5,0,0,0,0,5,0,0,5,0,0,5,0,0,5,0,0,5,0,0,5,0,0,0,0,5,0,0,5,0,0,5,0,0,5,0,0,0,0,5,0,0,5,0,0,5,0,0,5,0,0,5,0,0,5,0,0,5,0,0,0,0,0,0,0,5,0,0,0,0,0,0,0,0,0,0,0,0,0,0,0,0,0,0,0,0,5,0,0,5,0,0,5,0,5,0,0,5,0,5,0,0,5,0,0,5,0,0,5,0,5,0,0,5,0,5,0,0,5,0,0,0,0,5,0,5,5,0,5,5,0,5,0,0,5,0,0,5,0,0,5,0,4,3,3,3,3,3,3,3,3,0,0,2,2,2,2,0,0,0,0,0,4,4,4,4,4,4,4,4,4,4,2,2,0,0,0,0,3,3,3,3,3,3,3,3,3,3,3,3,1,1,1,1,1,1,1,1,1,1,0,0,0,4,4,0,5,0,5,0,0,5,0,0,5,0,5,5,0,5,3,3,3,3,1,1,1,0,0,0,4,0,5,0,0,5,0,0,5,0,0,5,0,5,5,0,5,0,0,5,0,0,5,0,2,2,2,2,0,0,4,0,5,5,0,5,0,0,5,0,2,2,2,2,2,2,2,2,0,0,4,4,0,0,5,0,0,5,0,5,5,0,5,0,0,5,0,0,5,0,0,5,0,0,5,0,5,0,0,5,5,0,5,0,0,5,0,0,5,0,0,0,5,0,5,5,0,5,5,0,0,1,1,1,1,1,0,0,4,4,0,5,5,0,5,5,0,5,5,0,5,5,0,5,5,0,5,5,0,5,5,0,0,5,0,0,5,0,0,5,0,0,5,0,0,5,0,0,5,0,0,0,0,
0,2,1,77,4,1657436705,0,3053.0,875,5,3,2,5,1,1,2,1,3,4,4,3,4,5,3,5,2,5,2,3,1,3,3,3,2,3,2,2,2,5,1,3,3,4,1,2,1,3,5,1,2,2,5,3,5,2,4,4,5,2,2,5,1,5,5,1,2,3,2,2,2,5,2,2,3,4,1,3,5,3,4,3,2,3,3,2,5,3,3,4,2,5,5,4,5,5,2,2,5,3,5,5,4,5,5,2,5,2,1,5,5,1,3,5,2,4,3,4,4,5,2,5,1,1,2,5,2,5,2,4,5,3,5,5,3,4,2,4,4,5,5,2,5,3,2,1,3,3,1,5,4,5,1,4,4,5,3,4,5,1,4,3,5,3,1,4,5,5,5,5,3,4,1,2,1,3,4,1,3,4,4,1,2,2,5,4,5,3,2,1,4,5,4,5,4,4,3,3,4,3,4,3,2,4,4,1,4,4,4,5,2,5,3,5,5,1,4,5,5,4,1,3,3,2,3,5,1,4,4,2,2,3,4,3,5,5,3,2,4,5,1,4,5,1,4,2,3,5,3,5,5,4,3,3,5,4,2,5,1,5,4,2,3,5,3,4,2,4,5,5,1,5,3,5,3,4,3,2,2,3,5,1,1,4,5,5,2,2,3,1,2,2,5,4,3,5,3,4,5,3,2,4,3,2,4,1,4,2,5,4,4,4,5,2,2,2,1,3,2,1,3,5,3,3,5,3,3,3,4,1,1,3,2,3,4,5,3,1,2,5,1,4,4,3,4,3,4,5,4,5,2,3,4,1,4,4,2,3,5,4,4,5,5,2,1,1,4,5,5,4,5,4,4,1,3,3,5,3,1,1,2,5,4,2,4,3,4,2,5,3,3,1,5,5,3,1,2,5,4,3,2,2,3,5,2,5,3,1,3,1,3,2,5,2,3,4,1,4,3,2,4,4,1,3,5,5,5,2,3,3,5,1,2,4,5,5,1,3,1,4,5,5,1,2,3,5,4,4,1,2,3,2,4,3,1,4,3,3,3,5,5,3,1,4,5,4,4,2,5,1,5,5,2,4,2,2,4,5,3,5,3,1,1,3,5,4,5,3,3,3,1,3,5,4,4,2,5,2,1,4,5,5,5,4,1,2,1,1,2,3,5,5,1,4,2,4,5,5,5,2,2,3,3,1,1,4,2,4,5,5,3,3,3,2,3,4,5,4,5,1,3,3,4,4,4,3,5,2,3,2,3,5,4,5,1,5,3,3,2,4,5,2,3,1,4,5,5,5,3,5,1,3,4,5,2,1,2,4,5,3,3,4,5,5,5,3,4,4,1,5,3,4,3,5,4,1,4,5,1,4,5,4,2,1,1,3,3,1,3,3,1,4,3,2,1,1,1,4,5,1,2,4,5,5,3,3,1,1,1,3,3,1,2,3,3,5,4,1,1,1,1,4,3,5,3,1,5,3,4,5,5,1,5,4,3,3,4,5,2,3,4,5,4,3,4,3,2,3,3,2,4,5,4,5,3,1,3,1,4,5,5,3,4,5,4,1,4,5,4,3,2,5,3,5,1,3,4,2,5,3,4,2,5,2,2,1,1,4,5,1,4,1,4,5,5,3,5,1,2,1,4,5,5,2,4,3,5,3,5,1,2,5,1,5,4,5,3,2,1,3,3,3,2,2,5,5,5,5,3,1,5,2,5,2,2,2,2,4,5,5,5,3,3,2,2,1,1,4,1,4,2,2,2,5,4,3,3,3,2,2,4,5,5,4,1,5,2,3,4,1,4,3,3,4,5,5,2,2,2,4,5,5,3,4,1,1,4,5,2,4,5,2,5,3,5,4,2,4,1,3,5,4,5,5,4,4,5,1,3,1,1,4,2,2,3,3,4,5,5,3,3,3,1,5,3,4,1,1,4,2,4,5,5,3,3,1,4,5,3,2,2,1,2,5,2,3,4,4,4,5,5,5,1,4,5,1,4,4,4,3,4,2,5,5,4,4,
1,0,1,0,1,-34045825,0,46.0,334,0,0,0,1,1,1,1,1,1,1,1,0,0,5,0,0,0,0,5,0,5,0,0,5,0,0,0,0,5,0,5,0,0,5,0,0,0,0,0,0,0,0,0,5,0,0,0,0,0,0,0,0,0,0,0,0,0,5,2,2,2,2,2,2,2,2,2,2,2,2,0,0,5,0,0,0,0,0,2,2,2,2,2,2,2,2,2,5,5,0,0,5,0,0,0,0,5,0,0,5,0,0,5,0,0,5,0,0,5,0,0,0,0,5,0,0,5,0,0,5,1,1,5,0,0,5,5,0,0,5,0,1,5,1,5,5,0,5,5,1,5,0,0,5,2,2,5,0,0,5,0,5,2,2,2,5,0,0,5,0,0,5,0,0,5,0,5,0,0,5,0,0,5,0,0,5,0,0,5,0,0,5,0,0,5,0,5,5,0,0,5,0,5,5,0,5,0,0,5,5,0,5,5,0,0,5,0,0,5,0,0,5,0,0,5,0,0,5,0,0,5,0,0,5,0,0,5,0,0,5,0,0,5,0,0,5,0,0,5,0,0,5,0,0,5,0,0,5,0,0,0,0,5,5,0,5,0,0,5,0,0,5,0,0,5,0,0,5,0,0,5,0,0,5,0,0,5,0,0,5,0,0,5,0,0,5,0,0,5,0,5,5,0,0,5,0,5,0,0,5,0,0,5,0,0,5,0,0,0,0,5,0,0,5,0,5,0,0,5,0,0,5,0,0,5,0,5,5,0,5,0,0,5,0,0,
1,1,0,42,2,896472472,0,0.0,51,0,0,0,0,0,0,0,0,0,0,0,0,0,2,0,0,0,0,0,0,0,0,1,1,0,0,0,0,0,3,0,0,3,0,0,0,0,0,0,0,3,3,0,0,3,3,0,0,0,0,0,0,
1,1,0,0,3,-1254228964,1,40.0,289,0,0,0,0,0,0,0,0,1,1,1,1,1,1,1,1,1,1,1,0,5,0,5,0,5,0,5,0,5,0,0,5,0,5,0,5,5,0,1,1,0,1,0,0,5,0,0,5,0,5,0,5,5,0,5,0,0,5,0,5,0,5,0,0,0,5,5,0,5,0,5,0,0,5,0,5,0,5,0,5,5,0,5,0,5,5,0,5,0,0,5,0,5,5,5,5,0,5,0,0,5,0,5,5,0,5,0,0,5,0,5,5,0,5,5,0,5,0,0,5,0,5,5,0,5,0,0,5,0,5,5,0,5,5,0,5,0,0,5,0,0,5,5,0,5,0,0,5,0,0,5,0,0,5,0,0,5,0,0,5,0,0,5,0,0,5,0,0,5,0,0,5,0,0,5,0,0,5,0,5,5,0,5,5,0,5,5,0,5,5,0,5,5,0,5,5,0,0,5,0,0,5,0,5,5,0,5,5,0,0,5,0,0,5,0,0,5,0,0,5,0,5,5,0,0,5,0,0,5,0,0,5,0,0,5,0,0,5,0,0,5,0,0,5,0,0,5,0,0,5,0,0,5,0,5,5,0,0,5,0,5,5,0,5,5,0,5,5,0,0,5,0,0,5,0,0,5,0,0,5,0,0,5,0,5,5,0,5,5,0,
1,0,1,0,2,1251962609,1,40.0,417,0,0,1,1,1,1,1,1,1,1,0,0,2,2,2,2,0,0,0,2,2,2,2,2,2,2,0,0,0,0,0,0,0,0,2,2,2,2,2,2,2,2,0,0,0,2,2,0,0,0,2,0,0,0,1,0,0,0,0,0,0,0,0,0,0,0,0,0,0,0,0,0,0,0,0,0,0,0,0,0,0,0,0,0,0,0,0,0,0,0,0,0,0,5,0,0,5,0,0,5,0,0,5,0,5,0,0,5,0,5,0,0,5,0,0,5,0,5,5,0,5,0,0,5,0,0,5,0,0,5,0,0,5,0,0,5,0,5,5,0,5,0,0,5,0,0,5,0,0,5,0,5,5,0,5,5,0,5,5,0,5,5,0,5,5,0,5,0,0,5,5,0,5,0,0,5,5,0,5,0,0,5,0,0,5,0,0,5,0,0,5,0,0,5,0,0,5,0,0,5,0,0,5,0,0,5,0,0,5,0,0,5,0,0,5,0,0,5,0,0,5,0,0,5,0,0,5,0,5,5,0,5,5,0,5,0,0,5,0,0,5,0,0,5,5,0,5,5,0,5,5,0,5,5,0,5,5,0,5,0,0,5,5,0,5,0,0,5,0,0,5,0,5,5,0,5,0,0,5,5,0,5,0,0,5,0,0,5,5,0,5,5,0,5,5,0,5,5,0,5,5,0,5,5,0,5,0,0,5,5,0,5,5,0,5,5,0,5,5,0,5,5,0,5,5,0,5,5,0,5,5,0,5,5,0,0,5,0,0,5,0,0,5,0,0,5,0,0,5,0,0,5,0,0,5,5,0,5,5,0,0,5,0,0,5,0,5,5,0,0,5,0,0,5,0,0,5,0,0,5,0,0,5,5,0,5,5,0,0,0,0,0,0,0,0,5,0,0,5,0,0,5,0,0,0,5,0,0,5,0,5,5,0,5,0,0,0,0,
0,1,0,0,1,1732200387,1,78.0,527,5,5,5,2,2,5,2,5,1,5,5,1,1,2,1,5,5,5,1,1,1,1,5,2,5,2,5,5,1,1,5,5,2,5,1,1,5,2,1,1,2,1,1,5,5,5,1,5,1,5,1,1,1,5,1,1,2,5,2,1,5,5,5,2,2,5,5,1,2,1,2,2,5,5,5,5,1,2,2,2,5,2,5,1,1,2,5,1,2,1,2,1,5,5,5,5,1,5,1,5,5,1,2,1,5,5,5,5,5,2,5,5,5,5,2,1,5,1,5,2,2,2,5,2,2,5,5,1,2,1,5,1,5,5,1,1,5,5,2,2,2,2,2,2,1,2,2,2,5,2,5,5,5,5,5,2,5,2,5,2,2,5,2,5,1,1,5,2,1,2,1,5,5,5,5,1,1,5,2,2,2,2,5,2,2,2,2,5,5,5,5,5,2,5,2,5,5,2,5,5,5,1,2,5,2,1,2,5,5,5,1,1,5,5,5,1,5,1,5,2,5,1,5,2,5,2,5,1,2,1,2,5,5,5,1,5,2,5,5,5,1,2,2,2,1,2,2,1,2,5,1,1,5,5,1,1,1,5,2,5,1,5,2,5,1,1,2,1,2,2,5,1,2,5,5,5,2,1,5,1,1,2,5,1,1,5,5,1,5,5,5,5,5,2,1,2,5,1,5,2,5,1,1,2,5,1,5,2,2,1,5,2,5,5,5,2,5,2,2,1,5,1,1,1,5,5,5,5,5,2,2,5,2,5,5,1,1,5,1,5,1,1,5,5,1,2,5,2,2,2,5,1,5,1,2,1,2,1,2,2,5,1,5,5,1,2,2,5,5,2,5,1,5,5,2,5,2,5,1,1,2,2,5,5,2,5,2,5,5,2,1,2,2,2,5,1,2,2,5,1,5,1,5,1,5,1,2,1,1,5,5,2,5,1,5,1,5,2,5,5,1,2,5,2,2,2,2,5,5,1,1,2,1,1,1,1,5,5,1,5,5,2,1,2,2,1,5,5,1,5,1,2,5,5,2,1,1,1,1,1,2,2,2,2,5,1,2,2,1,5,5,2,1,5,5,5,1,2,5,1,2,1,5,1,5,5,5,1,5,2,1,2,5,1,1,1,1,2,2,1,5,2,2,2,1,1,2,2,5,2,1,1,2,1,2,2,5,5,5,1,1,5,2,5,1,2,1,2,
1,1,0,77,4,1294081586,0,6.0,316,0,0,0,0,0,0,0,0,0,3,3,3,0,0,0,0,3,3,0,0,0,0,0,2,2,0,0,0,0,0,4,4,0,0,0,5,0,0,0,0,5,0,0,5,0,5,5,0,5,5,0,0,0,5,0,0,0,0,0,4,0,0,0,0,0,0,0,0,0,0,0,0,5,5,0,0,0,5,0,0,0,5,0,0,0,0,0,0,0,0,0,4,4,0,0,3,0,0,0,0,5,5,0,0,0,0,0,0,0,2,2,0,0,0,0,0,0,0,0,0,0,0,0,0,0,0,0,0,0,0,0,3,0,0,0,0,0,3,3,0,0,0,0,0,0,0,1,1,0,0,0,5,5,0,5,0,5,0,5,0,5,0,5,0,0,5,0,0,0,0,0,0,0,0,2,2,0,0,5,0,5,0,5,0,0,0,0,0,0,0,0,0,0,2,2,2,0,0,2,0,0,0,0,0,3,5,0,0,5,0,0,0,0,0,0,0,0,0,0,0,0,0,0,0,3,3,0,3,3,0,0,0,0,0,0,0,4,0,0,0,0,0,0,4,4,0,0,0,5,5,0,5,0,0,5,0,0,0,0,0,0,0,0,5,0,0,5,0,0,0,0,0,4,4,0,0,0,0,0,0,0,0,0,0,3,3,3,3,3,0,0,0,0,1,1,1,1,1,1,1,0,0,0,4,4,4,4,4,4,0,0,0,0,0,0,3,3,
1,0,1,42,3,1733549025,0,0.0,56,0,0,0,0,0,0,0,0,0,0,0,0,0,0,0,0,0,0,0,0,0,0,0,0,0,0,0,0,0,0,0,0,0,0,0,0,0,0,0,0,0,0,0,0,0,3,0,3,3,0,3,0,2,2,0,3,3,
1,1,0,0,1,-1978850912,1,42.0,497,0,0,0,0,0,0,0,0,0,0,0,0,0,2,2,0,2,0,0,2,2,0,0,5,0,0,0,5,0,0,5,0,0,0,0,0,0,0,1,0,0,0,0,0,5,5,0,5,0,0,0,0,0,5,0,5,5,0,0,0,0,5,5,0,0,0,0,0,0,0,1,1,1,1,1,1,1,1,1,0,0,0,0,5,0,5,5,0,5,0,5,0,0,5,0,5,0,5,0,5,5,0,5,0,5,0,5,0,5,0,0,5,0,5,5,0,5,0,5,5,0,5,0,5,0,5,0,5,5,0,5,0,0,5,0,5,2,2,2,0,2,2,0,2,0,2,2,0,2,0,0,5,0,5,0,5,0,5,5,0,5,0,0,5,0,5,0,0,5,0,0,5,5,0,0,0,0,5,5,0,0,5,0,0,5,5,0,0,0,1,1,1,1,1,1,1,1,1,1,0,5,0,5,5,0,5,0,5,0,5,0,5,0,5,5,0,5,0,5,0,5,0,0,5,0,0,5,0,0,5,0,0,5,0,0,5,0,0,5,0,0,5,5,0,5,0,0,5,5,0,5,0,0,5,5,0,0,5,0,0,5,0,0,5,0,0,5,0,5,5,0,5,5,0,0,5,0,0,2,2,0,2,2,0,2,0,2,2,0,0,0,0,0,2,0,0,0,2,2,5,0,0,0,5,0,0,5,0,5,0,0,5,0,0,5,0,5,5,0,5,5,0,5,5,0,0,2,2,0,5,0,0,5,5,0,0,5,0,0,5,5,0,0,5,5,0,5,5,0,5,5,0,0,5,0,0,5,0,0,5,5,0,5,5,0,5,5,0,5,5,0,0,0,0,5,0,0,1,1,1,1,1,1,1,1,1,1,0,0,5,0,0,5,0,0,0,1,1,0,5,5,0,5,0,5,0,5,0,5,5,0,0,5,0,0,0,2,2,0,0,0,5,5,0,0,2,2,2,2,2,2,2,2,2,0,0,5,0,5,5,0,5,5,0,5,5,0,0,5,5,0,0,5,5,0,0,0,0,0,0,0,0,2,2,0,0,0,0,0,0,0,0,0,1,1,0,0,0,5,0,0,5,5,0,5,0,0,5,0,5,5,0,5,0,5,5,0,5,
0,2,1,42,2,-258352453,0,0.0,922,1,4,4,4,1,3,4,3,1,1,4,1,2,1,1,2,2,2,4,1,1,1,2,4,2,2,2,4,1,1,1,1,1,3,1,3,2,3,4,1,1,2,3,1,2,1,2,2,4,2,1,4,1,1,2,2,2,1,4,4,1,3,1,1,1,4,2,4,1,4,2,1,4,1,4,4,4,1,2,2,2,4,4,2,4,2,2,1,4,2,1,1,1,1,4,1,4,2,1,1,1,1,2,2,4,4,1,1,2,1,2,2,2,4,2,1,1,1,1,1,1,1,2,1,4,3,3,4,3,3,3,2,2,1,2,1,3,3,3,4,1,3,2,2,3,2,2,1,2,3,1,2,4,2,2,1,2,3,2,2,1,2,3,3,1,3,2,2,1,3,4,4,1,3,1,2,4,3,3,4,2,3,1,2,1,3,4,3,1,1,2,2,3,4,3,3,1,2,2,1,1,4,1,4,4,4,1,1,1,3,4,2,2,2,1,2,2,1,1,3,3,2,3,2,2,3,2,3,3,2,1,1,2,2,1,3,1,2,3,3,3,2,1,3,2,1,3,1,3,1,3,2,1,3,3,2,2,3,1,3,3,1,3,1,1,1,3,2,2,3,3,1,1,1,2,3,2,3,1,4,4,3,4,3,1,3,1,2,3,3,2,3,1,2,2,1,1,3,3,2,2,1,1,3,3,1,2,2,2,1,2,2,3,2,1,1,1,2,2,1,3,1,2,3,3,3,2,3,2,1,1,1,4,3,3,3,4,4,2,1,4,2,1,3,3,1,3,3,3,2,4,1,1,2,2,3,1,1,3,2,3,4,3,4,1,1,3,2,3,2,3,2,1,1,2,2,2,3,3,2,3,2,1,2,1,4,3,3,1,3,2,2,1,2,2,4,3,3,3,1,1,2,3,1,3,1,2,3,1,4,1,3,1,2,4,4,2,1,3,2,3,3,1,1,3,2,1,2,1,2,2,3,3,1,2,2,1,3,1,3,2,1,3,1,4,3,3,2,2,3,1,3,3,2,2,3,3,3,2,2,3,3,3,2,2,3,1,2,1,2,2,2,3,3,4,4,1,4,1,3,4,3,2,1,4,4,3,1,4,3,2,4,1,2,2,2,1,1,3,3,3,3,1,2,2,3,1,3,3,2,2,3,2,2,1,2,3,3,4,3,3,1,4,2,1,4,2,3,3,1,2,1,1,2,2,2,1,3,1,4,1,4,4,4,4,1,3,3,2,3,3,1,4,4,1,2,3,3,4,1,2,2,1,3,3,2,3,2,2,3,2,1,3,1,1,2,1,3,2,2,3,2,1,3,3,1,2,3,3,2,4,2,1,3,2,3,3,2,1,2,3,3,3,2,1,1,3,2,3,2,3,2,3,1,4,3,3,3,1,4,4,2,2,2,3,3,4,3,2,4,2,1,1,3,3,2,3,1,2,1,4,4,1,2,3,3,2,3,4,3,1,3,2,3,4,1,1,2,1,1,1,2,1,3,2,3,1,2,4,3,2,4,3,1,1,3,1,3,2,3,1,2,1,1,2,2,2,1,1,2,1,3,1,3,2,3,1,4,1,2,2,2,4,1,3,2,4,2,1,3,1,3,2,3,1,1,3,3,4,2,1,1,3,4,3,3,4,1,2,4,3,1,2,3,1,3,1,1,3,1,1,1,3,2,1,4,3,2,1,1,1,1,2,2,2,2,1,2,3,3,3,2,1,2,3,1,1,2,3,3,3,1,4,3,1,4,3,4,4,1,2,4,4,1,2,4,3,1,2,1,4,1,4,3,1,3,1,2,3,3,1,1,3,2,2,3,3,4,4,4,1,1,2,4,4,3,1,1,2,1,4,1,4,4,1,1,1,4,2,2,4,1,2,4,1,4,2,4,4,2,4,4,4,1,1,1,2,4,1,2,1,1,2,2,1,1,2,2,2,4,2,4,2,1,1,4,1,1,1,4,2,1,1,4,1,1,4,2,1,2,1,2,1,2,1,4,3,1,2,3,3,3,3,3,2,1,3,2,1,1,2,3,1,2,2,1,2,3,4,3,2,1,3,4,3,1,1,3,3,4,3,4,2,
1,1,0,0,4,487461470,0,38.0,549,0,2,2,2,2,2,2,2,2,5,0,5,0,0,5,0,0,0,2,2,0,0,0,2,2,2,2,2,2,2,2,0,0,5,0,5,0,0,5,0,0,5,0,5,5,0,0,5,0,0,5,0,0,0,0,5,0,5,0,0,5,0,5,0,0,5,0,0,5,0,5,0,0,5,0,5,0,0,5,0,0,0,0,5,0,5,0,0,5,0,5,5,0,5,0,0,5,0,5,5,0,5,0,0,5,0,0,5,5,0,5,5,0,5,5,0,0,0,0,0,5,0,0,5,0,0,0,5,0,0,5,0,0,0,5,0,0,0,5,5,0,0,0,0,0,0,5,5,0,5,5,0,5,0,0,5,0,0,5,0,0,5,0,0,5,0,0,0,5,0,0,5,0,0,5,0,0,5,5,0,0,5,0,0,5,0,0,5,5,5,0,5,5,0,5,5,5,5,0,0,5,0,0,0,0,0,0,5,5,0,5,0,5,5,0,5,5,0,0,5,5,0,0,0,5,0,0,5,0,5,5,0,5,0,1,1,1,1,1,0,1,0,1,0,0,0,1,0,0,1,0,0,5,0,0,5,0,5,5,0,0,5,0,0,5,0,0,5,0,0,5,5,0,0,5,0,0,5,0,0,5,0,0,5,5,0,5,5,0,5,5,0,0,5,0,0,0,5,0,0,5,0,0,5,0,0,5,5,0,0,0,0,5,0,0,0,0,0,0,0,2,2,2,2,2,2,0,0,0,5,0,5,5,0,5,5,0,2,2,0,0,0,5,5,0,5,0,0,5,0,0,5,0,5,5,0,5,5,0,0,5,5,0,0,5,5,0,5,5,0,0,0,0,5,5,0,0,5,2,2,0,5,5,5,0,0,5,5,0,0,0,0,0,0,1,0,0,5,5,0,5,5,0,0,5,5,0,0,5,1,0,0,0,5,0,0,5,0,0,5,0,0,0,5,5,0,5,5,0,0,5,5,0,5,5,0,0,0,0,1,1,0,1,1,0,5,0,0,2,0,0,2,0,0,0,5,5,5,0,5,0,5,0,0,5,5,0,0,0,5,5,0,0,5,0,2,2,0,0,0,0,0,5,0,0,5,0,0,5,5,0,0,0,0,0,0,0,5,0,0,0,0,5,0,0,5,5,0,0,5,0,0,5,5,0,2,2,0,0,2,0,0,0,0,2,0,0,0,5,5,0,5,5,0,5,5,0,5,5,0,0,5,5,0,0,0,0,0,0,0,
0,0,0,42,0,-423752402,0,0.0,2000,1,1,1,1,1,1,1,1,1,1,1,1,1,1,1,1,1,1,1,1,1,1,1,1,1,1,1,1,1,1,1,1,1,1,1,1,1,1,1,1,1,1,1,1,1,1,1,1,1,1,1,1,1,1,1,1,1,1,1,1,1,1,1,1,1,1,1,1,1,1,1,1,1,1,1,1,1,1,1,1,1,1,1,1,1,1,1,1,1,1,1,1,1,1,1,1,1,1,1,1,1,1,1,1,1,1,1,1,1,1,1,1,1,1,1,1,1,1,1,1,1,1,1,1,1,1,1,1,1,1,1,1,1,1,1,1,1,1,1,1,1,1,1,1,1,1,1,1,1,1,1,1,1,1,1,1,1,1,1,1,1,1,1,1,1,1,1,1,1,1,1,1,1,1,1,1,1,1,1,1,1,1,1,1,1,1,1,1,1,1,1,1,1,1,1,1,1,1,1,1,1,1,1,1,1,1,1,1,1,1,1,1,1,1,1,1,1,1,1,1,1,1,1,1,1,1,1,1,1,1,1,1,1,1,1,1,1,1,1,1,1,1,1,1,1,1,1,1,1,1,1,1,1,1,1,1,1,1,1,1,1,1,1,1,1,1,1,1,1,1,1,1,1,1,1,1,1,1,1,1,1,1,1,1,1,1,1,1,1,1,1,1,1,1,1,1,1,1,1,1,1,1,1,1,1,1,1,1,1,1,1,1,1,1,1,1,1,1,1,1,1,1,1,1,1,1,1,1,1,1,1,1,1,1,1,1,1,1,1,1,1,1,1,1,1,1,1,1,1,1,1,1,1,1,1,1,1,1,1,1,1,1,1,1,1,1,1,1,1,1,1,1,1,1,1,1,1,1,1,1,1,1,1,1,1,1,1,1,1,1,1,1,1,1,1,1,1,1,1,1,1,1,1,1,1,1,1,1,1,1,1,1,1,1,1,1,1,1,1,1,1,1,1,1,1,1,1,1,1,1,1,1,1,1,1,1,1,1,1,1,1,1,1,1,1,1,1,1,1,1,1,1,1,1,1,1,1,1,1,1,1,1,1,1,1,1,1,1,1,1,1,1,1,1,1,1,1,1,1,1,1,1,1,1,1,1,1,1,1,1,1,1,1,1,1,1,1,1,1,1,1,1,1,1,1,1,1,1,1,1,1,1,1,1,1,1,1,1,1,1,1,1,1,1,1,1,1,1,1,1,1,1,1,1,1,1,1,1,1,1,1,1,1,1,1,1,1,1,1,1,1,1,1,1,1,1,1,1,1,1,1,1,1,1,1,1,1,1,1,1,1,1,1,1,1,1,1,1,1,1,1,1,1,1,1,1,1,1,1,1,1,1,1,1,1,1,1,1,1,1,1,1,1,1,1,1,1,1,1,1,1,1,1,1,1,1,1,1,1,1,1,1,1,1,1,1,1,1,1,1,1,1,1,1,1,1,1,1,1,1,1,1,1,1,1,1,1,1,1,1,1,1,1,1,1,1,1,1,1,1,1,1,1,1,1,1,1,1,1,1,1,1,1,1,1,1,1,1,1,1,1,1,1,1,1,1,1,1,1,1,1,1,1,1,1,1,1,1,1,1,1,1,1,1,1,1,1,1,1,1,1,1,1,1,1,1,1,1,1,1,1,1,1,1,1,1,1,1,1,1,1,1,1,1,1,1,1,1,1,1,1,1,1,1,1,1,1,1,1,1,1,1,1,1,1,1,1,1,1,1,1,1,1,1,1,1,1,1,1,1,1,1,1,1,1,1,1,1,1,1,1,1,1,1,1,1,1,1,1,1,1,1,1,1,1,1,1,1,1,1,1,1,1,1,1,1,1,1,1,1,1,1,1,1,1,1,1,1,1,1,1,1,1,1,1,1,1,1,1,1,1,1,1,1,1,1,1,1,1,1,1,1,1,1,1,1,1,1,1,1,1,1,1,1,1,1,1,1,1,1,1,1,1,1,1,1,1,1,1,1,1,1,1,1,1,1,1,1,1,1,1,1,1,1,1,1,1,1,1,1,1,1,1,1,1,1,1,1,1,1,1,1,1,1,1,1,1,1,1,1,1,1,1,1,1,1,1,1,1,1,1,1,1,1,1,1,1,1,1,1,1,1,1,1,1,1,1,1,1,1,1,1,1,1,1,1,1,1,1,1,1,1,1,1,1,1,1,1,1,1,1,1,1,1,1,1,1,1,1,1,1,1,1,1,1,1,1,1,1,1,1,1,1,1,1,1,1,1,1,1,1,1,1,1,1,1,1,1,1,1,1,1,1,1,1,1,1,1,1,1,1,1,1,1,1,1,1,1,1,1,1,1,1,1,1,1,1,1,1,1,1,1,1,1,1,1,1,1,1,1,1,1,1,1,1,1,1,1,1,1,1,1,1,1,1,1,1,1,1,1,1,1,1,1,1,1,1,1,1,1,1,1,1,1,1,1,1,1,1,1,1,1,1,1,1,1,1,1,1,1,1,1,1,1,1,1,1,1,1,1,1,1,1,1,1,1,1,1,1,1,1,1,1,1,1,1,1,1,1,1,1,1,1,1,1,1,1,1,1,1,1,1,1,1,1,1,1,1,1,1,1,1,1,1,1,1,1,1,1,1,1,1,1,1,1,1,1,1,1,1,1,1,1,1,1,1,1,1,1,1,1,1,1,1,1,1,1,1,1,1,1,1,1,1,1,1,1,1,1,1,1,1,1,1,1,1,1,1,1,1,1,1,1,1,1,1,1,1,1,1,1,1,1,1,1,1,1,1,1,1,1,1,1,1,1,1,1,1,1,1,1,1,1,1,1,1,1,1,1,1,1,1,1,1,1,1,1,1,1,1,1,1,1,1,1,1,1,1,1,1,1,1,1,1,1,1,1,1,1,1,1,1,1,1,1,1,1,1,1,1,1,1,1,1,1,1,1,1,1,1,1,1,1,1,1,1,1,1,1,1,1,1,1,1,1,1,1,1,1,1,1,1,1,1,1,1,1,1,1,1,1,1,1,1,1,1,1,1,1,1,1,1,1,1,1,1,1,1,1,1,1,1,1,1,1,1,1,1,1,1,1,1,1,1,1,1,1,1,1,1,1,1,1,1,1,1,1,1,1,1,1,1,1,1,1,1,1,1,1,1,1,1,1,1,1,1,1,1,1,1,1,1,1,1,1,1,1,1,1,1,1,1,1,1,1,1,1,1,1,1,1,1,1,1,1,1,1,1,1,1,1,1,1,1,1,1,1,1,1,1,1,1,1,1,1,1,1,1,1,1,1,1,1,1,1,1,1,1,1,1,1,1,1,1,1,1,1,1,1,1,1,1,1,1,1,1,1,1,1,1,1,1,1,1,1,1,1,1,1,1,1,1,1,1,1,1,1,1,1,1,1,1,1,1,1,1,1,1,1,1,1,1,1,1,1,1,1,1,1,1,1,1,1,1,1,1,1,1,1,1,1,1,1,1,1,1,1,1,1,1,1,1,1,1,1,1,1,1,1,1,1,1,1,1,1,1,1,1,1,1,1,1,1,1,1,1,1,1,1,1,1,1,1,1,1,1,1,1,1,1,1,1,1,1,1,1,1,1,1,1,1,1,1,1,1,1,1,1,1,1,1,1,1,1,1,1,1,1,1,1,1,1,1,1,1,1,1,1,1,1,1,1,1,1,1,1,1,1,1,1,1,1,1,1,1,1,1,1,1,1,1,1,1,1,1,1,1,1,1,1,1,1,1,1,1,1,1,1,1,1,1,1,1,1,1,1,1,1,1,1,1,1,1,1,1,1,1,1,1,1,1,1,1,1,1,1,1,1,1,1,1,1,1,1,1,1,1,1,1,1,1,1,1,1,1,1,1,1,1,1,1,1,1,1,1,1,1,1,1,1,1,1,1,1,1,1,1,1,1,1,1,1,1,1,1,1,1,1,1,1,1,1,1,1,1,1,1,1,1,1,1,1,1,1,1,1,1,1,1,1,1,1,1,1,1,1,1,1,1,1,1,1,1,1,1,1,1,1,1,1,1,1,1,1,1,1,1,1,1,1,1,1,1,1,1,1,1,1,1,1,1,1,1,1,1,1,1,1,1,1,1,1,1,1,1,1,1,1,1,1,1,1,1,1,1,1,1,1,1,1,1,1,1,1,1,1,1,1,1,1,1,1,1,1,1,1,1,1,1,1,1,1,1,1,1,1,1,1,1,1,1,1,1,1,1,1,1,1,1,1,1,1,1,1,1,1,1,1,1,1,1,1,1,1,1,1,1,1,1,1,1,1,1,1,1,1,1,1,1,1,1,1,1,1,1,1,1,1,1,1,1,1,1,1,1,1,1,1,1,1,1,1,1,1,1,1,1,1,1,1,1,1,1,1,1,1,1,1,1,1,1,1,1,1,1,1,1,1,1,1,1,1,1,1,1,1,1,1,1,1,1,1,1,1,1,1,1,1,1,1,1,1,1,1,1,1,1,1,1,1,1,1,1,1,1,1,1,1,1,1,1,1,1,1,1,1,1,1,1,1,1,1,1,1,1,1,1,1,1,1,1,
0,2,1,77,2,1243010978,0,10.0,338,2,4,1,3,4,2,5,2,1,5,4,2,5,5,1,5,4,2,5,4,2,4,5,1,3,2,2,4,4,2,1,2,2,3,1,3,1,2,4,2,2,2,5,4,4,3,2,5,3,4,3,1,1,5,4,1,1,3,2,5,2,5,5,1,5,2,4,2,1,3,1,3,5,2,2,2,2,3,5,5,4,4,5,3,4,4,1,2,3,1,5,1,3,2,5,2,3,4,5,4,2,2,4,4,3,4,4,1,5,3,5,5,1,4,3,5,5,5,1,1,2,4,3,1,2,3,5,4,4,3,5,1,2,4,1,3,5,4,4,4,3,4,3,3,4,2,4,5,2,5,5,1,1,5,3,5,2,4,5,4,3,4,2,4,3,5,5,5,2,5,1,4,5,4,5,2,5,5,2,1,4,2,4,3,5,5,2,4,5,5,1,2,2,3,5,4,2,4,3,3,1,3,2,5,5,5,2,4,4,4,1,1,3,5,5,4,3,5,5,5,3,5,1,3,5,1,1,5,4,3,3,4,2,3,4,2,2,3,1,1,2,2,4,1,1,3,5,3,3,2,2,5,5,1,4,5,4,5,3,4,3,5,2,4,5,5,1,3,5,5,5,1,2,4,2,3,5,4,4,3,1,5,2,5,1,3,5,4,4,3,2,5,4,1,2,3,5,3,4,5,5,3,1,4,2,4,3,3,4,5,2,5,5,4,1,4,2,1,1,1,5,4,4,2,5,2,4,2,2,1,4,5,2,5,4,1,2,2,5,
0,1,0,0,0,-1306487030,1,79.0,617,1,1,5,2,1,1,5,1,5,5,5,1,5,1,5,2,5,1,2,1,5,1,1,1,1,1,1,1,5,5,5,5,2,5,2,5,5,2,1,5,1,2,5,1,5,1,5,5,5,5,1,5,2,2,2,2,5,5,2,5,5,1,5,5,1,5,2,1,1,1,5,1,2,5,2,5,2,5,1,5,1,1,1,2,2,2,1,5,1,5,1,5,2,2,5,1,2,2,1,2,5,1,1,2,5,2,5,1,1,1,1,1,5,2,5,1,2,2,5,5,5,2,2,5,1,2,1,5,1,5,1,1,1,2,1,1,2,5,2,1,5,2,2,2,1,5,1,5,5,5,2,1,5,5,2,1,1,2,5,5,5,1,5,5,5,5,1,2,1,5,5,5,2,2,1,5,5,5,2,1,2,1,2,5,1,1,5,2,1,2,1,2,2,1,2,1,5,5,5,5,5,5,1,2,5,5,2,1,5,1,5,5,2,5,2,5,5,5,1,5,1,1,1,5,2,2,5,2,5,1,5,5,1,1,2,2,5,5,5,5,5,1,5,5,1,5,1,5,1,2,5,5,5,2,5,2,1,2,2,2,2,5,5,2,1,2,2,2,5,2,2,2,2,2,2,2,5,2,5,5,5,5,5,5,2,5,5,5,5,5,2,1,5,2,2,2,2,2,5,2,5,2,5,1,1,5,5,5,2,5,2,2,5,5,5,2,1,1,5,5,2,2,1,5,5,5,1,5,1,1,5,2,5,2,2,1,5,2,5,5,2,1,5,2,5,2,2,1,1,2,1,1,1,5,2,1,5,5,2,1,2,1,2,2,2,1,2,1,1,5,2,2,5,2,5,2,5,5,1,5,5,1,5,2,2,2,5,1,2,5,2,1,5,5,2,5,5,2,2,1,2,1,1,5,5,1,5,1,2,5,2,2,1,1,2,5,2,2,2,1,5,2,5,1,2,5,1,1,1,1,5,2,2,1,1,5,2,2,5,1,1,1,5,1,1,5,1,5,5,5,5,5,1,1,1,5,5,5,5,1,5,1,2,5,5,5,5,2,5,1,2,1,1,1,1,1,1,2,1,5,2,5,2,5,5,2,5,2,2,1,5,2,5,2,1,2,2,5,1,2,2,5,5,1,5,2,5,2,1,5,2,5,5,5,2,1,1,5,1,5,1,5,1,1,1,2,1,2,2,1,1,2,1,2,2,5,2,2,1,1,1,1,2,1,5,1,5,2,1,5,1,2,2,5,2,5,2,1,1,5,5,1,1,5,2,1,1,2,1,1,5,2,5,2,5,1,1,5,5,5,5,2,2,2,5,2,1,1,2,1,5,1,5,5,2,5,1,2,2,1,5,5,1,1,2,1,5,2,2,5,2,2,5,5,5,1,2,1,
0,0,0,0,2,759654258,1,41.0,361,5,5,5,5,5,5,5,5,5,5,5,5,5,5,5,5,5,5,5,5,5,5,5,5,5,5,5,5,5,5,5,5,5,5,5,5,5,5,5,5,5,5,5,5,5,5,5,5,5,5,5,5,5,5,5,5,5,5,5,5,5,5,5,5,5,5,5,5,5,5,5,5,5,5,5,5,5,5,5,5,5,5,5,5,5,5,5,5,5,5,5,5,5,5,5,5,5,5,5,5,5,5,5,5,5,5,5,5,5,5,5,5,5,5,5,5,5,5,5,5,5,5,5,5,5,5,5,5,5,5,5,5,5,5,5,5,5,5,5,5,5,5,5,5,5,5,5,5,5,5,5,5,5,5,5,5,5,5,5,5,5,5,5,5,5,5,5,5,5,5,5,5,5,5,5,5,5,5,5,5,5,5,5,5,5,5,5,5,5,5,5,5,5,5,5,5,5,5,5,5,5,5,5,5,5,5,5,5,5,5,5,5,5,5,5,5,5,5,5,5,5,5,5,5,5,5,5,5,5,5,5,5,5,5,5,5,5,5,5,5,5,5,5,5,5,5,5,5,5,5,5,5,5,5,5,5,5,5,5,5,5,5,5,5,5,5,5,5,5,5,5,5,5,5,5,5,5,5,5,5,5,5,5,5,5,5,5,5,5,5,5,5,5,5,5,5,5,5,5,5,5,5,5,5,5,5,5,5,5,5,5,5,5,5,5,5,5,5,5,5,5,5,5,5,5,5,5,5,5,5,5,5,5,5,5,5,5,5,5,5,5,5,5,5,5,5,5,5,5,5,5,5,5,5,5,5,5,5,5,5,5,5,
0,2,1,42,0,-365826998,1,1.0,480,2,1,1,2,2,2,4,4,1,2,2,2,2,4,1,1,2,1,4,1,1,4,1,2,2,2,1,4,4,2,2,4,2,2,2,1,4,4,3,4,2,3,1,2,4,3,1,1,4,1,2,1,4,4,2,3,2,3,2,2,4,4,4,4,1,3,4,4,3,3,4,4,4,4,1,4,4,1,1,4,4,2,2,1,2,2,2,1,2,1,2,2,2,2,4,1,4,4,4,1,2,2,3,4,1,4,3,4,4,3,1,4,4,4,4,2,2,4,3,2,4,2,2,1,4,4,2,4,1,1,4,2,4,2,1,1,2,4,4,3,4,3,3,4,1,2,4,2,4,1,3,4,4,3,2,3,2,2,4,4,3,3,1,4,4,1,3,2,4,3,4,2,3,3,4,4,4,2,4,2,2,4,1,3,4,1,2,1,2,2,1,2,4,2,2,3,4,2,4,2,4,4,3,4,2,3,2,4,4,2,1,2,4,4,1,2,1,1,3,2,1,2,2,1,3,4,4,2,1,2,1,2,2,4,3,2,3,4,3,2,3,3,4,2,2,3,3,2,2,3,3,2,2,2,3,2,2,2,2,3,3,3,2,2,2,4,2,2,2,2,1,2,2,1,1,1,1,1,3,1,3,2,4,3,1,2,1,2,1,3,3,3,2,2,4,3,3,4,3,1,4,1,1,2,3,1,4,3,2,1,4,3,1,4,2,3,3,1,1,1,3,2,1,3,2,2,2,3,1,2,3,1,4,1,2,3,1,3,2,4,3,1,2,2,2,2,2,2,3,3,2,4,4,2,3,3,1,2,1,4,1,4,2,4,1,3,1,3,3,1,4,4,4,1,4,2,1,1,3,4,2,2,1,2,1,3,3,2,2,3,3,2,1,4,4,1,2,1,2,3,2,3,4,3,1,2,1,1,2,3,3,3,1,3,4,3,1,4,1,2,1,1,2,4,3,4,3,2,4,2,1,3,4,2,1,3,1,3,2,1,3,3,4,3,4,1,4,1,3,1,1,4,3,4,3,3,2,2,2,1,4,1,3,2,3,1,3,1,1,2,4,2,4,1,4,1,3,1,3,1,3,
0,0,0,42,3,-1490562784,0,0.0,2000,1,1,1,1,1,1,1,1,1,1,1,1,1,1,1,1,1,1,1,1,1,1,1,1,1,1,1,1,1,1,1,1,1,1,1,1,1,1,1,1,1,1,1,1,1,1,1,1,1,1,1,1,1,1,1,1,1,1,1,1,1,1,1,1,1,1,1,1,1,1,1,1,1,1,1,1,1,1,1,1,1,1,1,1,1,1,1,1,1,1,1,1,1,1,1,1,1,1,1,1,1,1,1,1,1,1,1,1,1,1,1,1,1,1,1,1,1,1,1,1,1,1,1,1,1,1,1,1,1,1,1,1,1,1,1,1,1,1,1,1,1,1,1,1,1,1,1,1,1,1,1,1,1,1,1,1,1,1,1,1,1,1,1,1,1,1,1,1,1,1,1,1,1,1,1,1,1,1,1,1,1,1,1,1,1,1,1,1,1,1,1,1,1,1,1,1,1,1,1,1,1,1,1,1,1,1,1,1,1,1,1,1,1,1,1,1,1,1,1,1,1,1,1,1,1,1,1,1,1,1,1,1,1,1,1,1,1,1,1,1,1,1,1,1,1,1,1,1,1,1,1,1,1,1,1,1,1,1,1,1,1,1,1,1,1,1,1,1,1,1,1,1,1,1,1,1,1,1,1,1,1,1,1,1,1,1,1,1,1,1,1,1,1,1,1,1,1,1,1,1,1,1,1,1,1,1,1,1,1,1,1,1,1,1,1,1,1,1,1,1,1,1,1,1,1,1,1,1,1,1,1,1,1,1,1,1,1,1,1,1,1,1,1,1,1,1,1,1,1,1,1,1,1,1,1,1,1,1,1,1,1,1,1,1,1,1,1,1,1,1,1,1,1,1,1,1,1,1,1,1,1,1,1,1,1,1,1,1,1,1,1,1,1,1,1,1,1,1,1,1,1,1,1,1,1,1,1,1,1,1,1,1,1,1,1,1,1,1,1,1,1,1,1,1,1,1,1,1,1,1,1,1,1,1,1,1,1,1,1,1,1,1,1,1,1,1,1,1,1,1,1,1,1,1,1,1,1,1,1,1,1,1,1,1,1,1,1,1,1,1,1,1,1,1,1,1,1,1,1,1,1,1,1,1,1,1,1,1,1,1,1,1,1,1,1,1,1,1,1,1,1,1,1,1,1,1,1,1,1,1,1,1,1,1,1,1,1,1,1,1,1,1,1,1,1,1,1,1,1,1,1,1,1,1,1,1,1,1,1,1,1,1,1,1,1,1,1,1,1,1,1,1,1,1,1,1,1,1,1,1,1,1,1,1,1,1,1,1,1,1,1,1,1,1,1,1,1,1,1,1,1,1,1,1,1,1,1,1,1,1,1,1,1,1,1,1,1,1,1,1,1,1,1,1,1,1,1,1,1,1,1,1,1,1,1,1,1,1,1,1,1,1,1,1,1,1,1,1,1,1,1,1,1,1,1,1,1,1,1,1,1,1,1,1,1,1,1,1,1,1,1,1,1,1,1,1,1,1,1,1,1,1,1,1,1,1,1,1,1,1,1,1,1,1,1,1,1,1,1,1,1,1,1,1,1,1,1,1,1,1,1,1,1,1,1,1,1,1,1,1,1,1,1,1,1,1,1,1,1,1,1,1,1,1,1,1,1,1,1,1,1,1,1,1,1,1,1,1,1,1,1,1,1,1,1,1,1,1,1,1,1,1,1,1,1,1,1,1,1,1,1,1,1,1,1,1,1,1,1,1,1,1,1,1,1,1,1,1,1,1,1,1,1,1,1,1,1,1,1,1,1,1,1,1,1,1,1,1,1,1,1,1,1,1,1,1,1,1,1,1,1,1,1,1,1,1,1,1,1,1,1,1,1,1,1,1,1,1,1,1,1,1,1,1,1,1,1,1,1,1,1,1,1,1,1,1,1,1,1,1,1,1,1,1,1,1,1,1,1,1,1,1,1,1,1,1,1,1,1,1,1,1,1,1,1,1,1,1,1,1,1,1,1,1,1,1,1,1,1,1,1,1,1,1,1,1,1,1,1,1,1,1,1,1,1,1,1,1,1,1,1,1,1,1,1,1,1,1,1,1,1,1,1,1,1,1,1,1,1,1,1,1,1,1,1,1,1,1,1,1,1,1,1,1,1,1,1,1,1,1,1,1,1,1,1,1,1,1,1,1,1,1,1,1,1,1,1,1,1,1,1,1,1,1,1,1,1,1,1,1,1,1,1,1,1,1,1,1,1,1,1,1,1,1,1,1,1,1,1,1,1,1,1,1,1,1,1,1,1,1,1,1,1,1,1,1,1,1,1,1,1,1,1,1,1,1,1,1,1,1,1,1,1,1,1,1,1,1,1,1,1,1,1,1,1,1,1,1,1,1,1,1,1,1,1,1,1,1,1,1,1,1,1,1,1,1,1,1,1,1,1,1,1,1,1,1,1,1,1,1,1,1,1,1,1,1,1,1,1,1,1,1,1,1,1,1,1,1,1,1,1,1,1,1,1,1,1,1,1,1,1,1,1,1,1,1,1,1,1,1,1,1,1,1,1,1,1,1,1,1,1,1,1,1,1,1,1,1,1,1,1,1,1,1,1,1,1,1,1,1,1,1,1,1,1,1,1,1,1,1,1,1,1,1,1,1,1,1,1,1,1,1,1,1,1,1,1,1,1,1,1,1,1,1,1,1,1,1,1,1,1,1,1,1,1,1,1,1,1,1,1,1,1,1,1,1,1,1,1,1,1,1,1,1,1,1,1,1,1,1,1,1,1,1,1,1,1,1,1,1,1,1,1,1,1,1,1,1,1,1,1,1,1,1,1,1,1,1,1,1,1,1,1,1,1,1,1,1,1,1,1,1,1,1,1,1,1,1,1,1,1,1,1,1,1,1,1,1,1,1,1,1,1,1,1,1,1,1,1,1,1,1,1,1,1,1,1,1,1,1,1,1,1,1,1,1,1,1,1,1,1,1,1,1,1,1,1,1,1,1,1,1,1,1,1,1,1,1,1,1,1,1,1,1,1,1,1,1,1,1,1,1,1,1,1,1,1,1,1,1,1,1,1,1,1,1,1,1,1,1,1,1,1,1,1,1,1,1,1,1,1,1,1,1,1,1,1,1,1,1,1,1,1,1,1,1,1,1,1,1,1,1,1,1,1,1,1,1,1,1,1,1,1,1,1,1,1,1,1,1,1,1,1,1,1,1,1,1,1,1,1,1,1,1,1,1,1,1,1,1,1,1,1,1,1,1,1,1,1,1,1,1,1,1,1,1,1,1,1,1,1,1,1,1,1,1,1,1,1,1,1,1,1,1,1,1,1,1,1,1,1,1,1,1,1,1,1,1,1,1,1,1,1,1,1,1,1,1,1,1,1,1,1,1,1,1,1,1,1,1,1,1,1,1,1,1,1,1,1,1,1,1,1,1,1,1,1,1,1,1,1,1,1,1,1,1,1,1,1,1,1,1,1,1,1,1,1,1,1,1,1,1,1,1,1,1,1,1,1,1,1,1,1,1,1,1,1,1,1,1,1,1,1,1,1,1,1,1,1,1,1,1,1,1,1,1,1,1,1,1,1,1,1,1,1,1,1,1,1,1,1,1,1,1,1,1,1,1,1,1,1,1,1,1,1,1,1,1,1,1,1,1,1,1,1,1,1,1,1,1,1,1,1,1,1,1,1,1,1,1,1,1,1,1,1,1,1,1,1,1,1,1,1,1,1,1,1,1,1,1,1,1,1,1,1,1,1,1,1,1,1,1,1,1,1,1,1,1,1,1,1,1,1,1,1,1,1,1,1,1,1,1,1,1,1,1,1,1,1,1,1,1,1,1,1,1,1,1,1,1,1,1,1,1,1,1,1,1,1,1,1,1,1,1,1,1,1,1,1,1,1,1,1,1,1,1,1,1,1,1,1,1,1,1,1,1,1,1,1,1,1,1,1,1,1,1,1,1,1,1,1,1,1,1,1,1,1,1,1,1,1,1,1,1,1,1,1,1,1,1,1,1,1,1,1,1,1,1,1,1,1,1,1,1,1,1,1,1,1,1,1,1,1,1,1,1,1,1,1,1,1,1,1,1,1,1,1,1,1,1,1,1,1,1,1,1,1,1,1,1,1,1,1,1,1,1,1,1,1,1,1,1,1,1,1,1,1,1,1,1,1,1,1,1,1,1,1,1,1,1,1,1,1,1,1,1,1,1,1,1,1,1,1,1,1,1,1,1,1,1,1,1,1,1,1,1,1,1,1,1,1,1,1,1,1,1,1,1,1,1,1,1,1,1,1,1,1,1,1,1,1,1,1,1,1,1,1,1,1,1,1,1,1,1,1,1,1,1,1,1,1,1,1,1,1,1,1,1,1,1,1,1,1,1,1,1,1,1,1,1,1,1,1,1,1,1,1,1,1,1,1,1,1,1,1,1,1,1,1,1,1,1,1,1,1,1,1,1,1,1,1,1,1,1,1,1,1,1,1,1,1,1,1,1,1,1,1,1,1,1,1,1,1,1,1,1,1,1,1,1,1,1,1,1,1,1,1,1,1,1,1,
0,0,0,0,1,1973326357,1,62.0,443,5,5,5,5,5,5,5,5,5,5,5,5,5,5,5,5,5,5,5,5,5,5,5,5,5,5,5,5,5,5,5,5,5,5,5,5,5,5,5,5,5,5,5,5,5,5,5,5,5,5,5,5,5,5,5,5,5,5,5,5,5,5,5,5,5,1,5,5,5,5,5,1,5,5,5,5,5,5,5,5,1,5,5,5,5,5,5,5,5,1,5,5,5,5,5,5,5,5,1,5,5,5,5,5,1,5,5,5,5,5,5,5,5,1,5,5,5,5,5,5,5,5,1,5,5,5,5,5,1,5,5,5,5,5,5,5,5,1,5,5,5,5,5,5,5,5,5,5,5,5,5,5,5,5,5,5,5,5,1,5,5,5,5,5,5,5,5,1,5,5,5,5,5,1,5,5,5,5,5,5,5,5,1,5,5,5,5,5,5,5,5,1,5,5,5,5,5,5,5,5,1,5,5,5,5,5,5,5,5,5,5,5,5,5,5,5,5,5,5,5,5,5,5,5,5,5,5,5,5,5,5,5,5,5,5,5,5,5,5,5,5,5,5,5,5,5,5,5,5,5,5,5,5,5,5,5,5,5,5,5,5,5,5,5,5,5,5,5,5,5,5,5,5,5,5,5,5,5,5,5,5,5,5,5,5,5,5,5,5,5,5,5,5,5,5,5,5,5,5,5,5,5,5,5,5,5,5,5,5,5,5,5,5,5,5,5,5,5,5,5,5,5,5,5,5,5,5,5,5,5,5,5,5,5,5,5,5,5,5,5,5,5,5,5,5,5,5,5,5,5,5,5,5,5,5,5,5,5,5,5,5,5,5,5,5,5,5,5,5,5,5,5,5,5,5,5,5,5,5,5,5,5,5,5,5,5,5,5,5,5,5,5,5,5,5,5,5,5,5,5,5,5,5,5,5,5,5,5,5,5,5,5,5,5,5,5,5,5,5,5,5,5,5,5,5,5,5,5,5,5,5,5,5,5,5,5,5,5,5,5,5,5,5,5,
0,2,1,0,1,1418894089,1,81.0,503,5,5,5,5,5,2,2,5,2,5,1,5,5,1,5,1,1,5,1,1,1,5,2,5,5,5,5,2,5,1,5,5,5,5,2,5,1,5,1,5,2,1,2,5,2,5,2,5,2,5,1,5,2,2,2,5,2,1,1,1,1,5,2,2,5,5,2,2,2,2,2,2,5,2,5,2,2,5,1,5,5,5,1,2,5,2,2,5,5,1,5,5,2,5,1,5,5,5,1,1,5,5,1,5,2,2,1,5,1,5,5,1,1,1,1,2,1,5,5,2,5,2,1,2,2,1,2,2,5,1,5,1,5,2,1,2,2,1,1,2,1,2,5,1,5,5,1,5,5,1,2,2,1,2,1,2,5,5,5,5,1,1,5,5,5,1,1,2,1,2,5,1,2,1,5,2,2,2,1,1,2,5,5,5,5,1,2,1,2,2,2,2,5,1,1,1,5,2,5,5,5,2,1,5,5,1,1,5,1,2,1,2,1,5,5,1,1,1,5,5,2,5,1,1,1,1,5,2,1,5,1,1,1,1,1,5,5,2,5,5,5,1,5,5,1,5,5,5,1,5,1,5,5,5,2,2,5,1,5,1,5,2,1,1,5,5,5,2,5,5,5,2,2,2,5,5,2,5,2,5,2,2,5,2,2,5,1,2,1,2,1,1,5,2,5,5,2,5,5,2,2,2,1,2,5,2,1,1,1,1,1,1,5,1,2,1,5,1,1,2,1,5,2,2,5,2,5,1,5,5,5,2,5,5,2,5,1,5,1,1,2,2,5,5,2,1,1,1,5,5,5,2,2,5,5,2,2,5,2,1,5,5,2,5,2,2,5,5,2,5,2,2,5,2,1,2,5,1,5,2,1,1,1,5,1,1,5,1,5,1,5,2,2,2,2,2,2,2,2,2,1,1,1,1,1,2,2,5,1,5,2,1,2,5,2,2,5,1,2,1,5,5,5,1,2,5,5,5,5,1,1,1,1,1,2,1,1,2,1,1,1,1,2,2,2,2,5,1,1,1,5,2,5,2,5,5,1,2,5,5,1,1,2,1,2,5,2,2,5,5,5,1,5,5,2,5,2,2,2,1,2,2,2,1,2,5,1,5,1,2,5,5,2,1,5,1,1,5,1,2,1,5,5,5,
0,2,1,0,3,1451039151,1,40.0,383,1,5,2,5,1,5,2,1,5,1,5,1,1,1,5,2,1,2,1,1,1,1,1,2,1,5,5,1,5,5,1,1,5,2,2,5,5,5,2,1,2,2,1,5,5,1,2,5,2,1,5,2,2,1,1,1,1,1,5,2,1,1,2,1,1,5,5,1,5,2,1,1,5,2,2,5,1,1,5,5,1,5,2,2,5,1,1,2,1,2,1,1,1,5,2,1,5,5,5,1,2,1,2,2,2,5,5,1,1,5,2,2,2,1,1,2,1,2,1,5,1,1,5,2,1,2,2,2,2,2,5,1,2,5,5,2,5,5,5,1,5,2,2,5,2,5,2,5,1,2,2,2,2,2,2,1,2,5,1,5,1,2,1,2,2,1,1,1,1,5,5,1,5,5,2,2,2,5,5,5,2,2,1,5,5,5,5,5,5,1,2,5,2,1,2,1,5,1,2,1,2,5,1,1,1,2,1,2,2,5,5,2,5,5,2,1,5,1,5,5,1,5,5,5,5,1,1,2,1,5,1,2,1,2,1,5,1,5,1,1,5,1,1,5,2,1,5,2,2,1,2,2,5,1,5,2,5,2,2,2,2,5,2,2,5,1,1,1,5,5,5,1,5,1,1,1,1,1,5,1,1,5,2,2,5,5,1,2,2,5,2,1,2,2,5,2,5,5,1,5,5,2,1,5,5,5,5,1,2,5,2,2,1,2,5,1,1,5,2,2,5,2,1,5,5,2,1,2,2,1,5,5,1,5,2,1,5,1,1,1,2,2,1,5,1,2,2,1,2,2,5,1,5,5,5,5,1,2,5,2,5,2,5,1,5,5,1,5,2,1,5,2,1,5,2,5,5,5,5,2,5,5,2,1,
0,0,0,42,1,832869681,0,0.0,2000,1,1,1,1,1,1,1,1,1,1,1,1,1,1,1,1,1,1,1,1,1,1,1,1,1,1,1,1,1,1,1,1,1,1,1,1,1,1,1,1,1,1,1,1,1,1,1,1,1,1,1,1,1,1,1,1,1,1,1,1,1,1,1,1,1,1,1,1,1,1,1,1,1,1,1,1,1,1,1,1,1,1,1,1,1,1,1,1,1,1,1,1,1,1,1,1,1,1,1,1,1,1,1,1,1,1,1,1,1,1,1,1,1,1,1,1,1,1,1,1,1,1,1,1,1,1,1,1,1,1,1,1,1,1,1,1,1,1,1,1,1,1,1,1,1,1,1,1,1,1,1,1,1,1,1,1,1,1,1,1,1,1,1,1,1,1,1,1,1,1,1,1,1,1,1,1,1,1,1,1,1,1,1,1,1,1,1,1,1,1,1,1,1,1,1,1,1,1,1,1,1,1,1,1,1,1,1,1,1,1,1,1,1,1,1,1,1,1,1,1,1,1,1,1,1,1,1,1,1,1,1,1,1,1,1,1,1,1,1,1,1,1,1,1,1,1,1,1,1,1,1,1,1,1,1,1,1,1,1,1,1,1,1,1,1,1,1,1,1,1,1,1,1,1,1,1,1,1,1,1,1,1,1,1,1,1,1,1,1,1,1,1,1,1,1,1,1,1,1,1,1,1,1,1,1,1,1,1,1,1,1,1,1,1,1,1,1,1,1,1,1,1,1,1,1,1,1,1,1,1,1,1,1,1,1,1,1,1,1,1,1,1,1,1,1,1,1,1,1,1,1,1,1,1,1,1,1,1,1,1,1,1,1,1,1,1,1,1,1,1,1,1,1,1,1,1,1,1,1,1,1,1,1,1,1,1,1,1,1,1,1,1,1,1,1,1,1,1,1,1,1,1,1,1,1,1,1,1,1,1,1,1,1,1,1,1,1,1,1,1,1,1,1,1,1,1,1,1,1,1,1,1,1,1,1,1,1,1,1,1,1,1,1,1,1,1,1,1,1,1,1,1,1,1,1,1,1,1,1,1,1,1,1,1,1,1,1,1,1,1,1,1,1,1,1,1,1,1,1,1,1,1,1,1,1,1,1,1,1,1,1,1,1,1,1,1,1,1,1,1,1,1,1,1,1,1,1,1,1,1,1,1,1,1,1,1,1,1,1,1,1,1,1,1,1,1,1,1,1,1,1,1,1,1,1,1,1,1,1,1,1,1,1,1,1,1,1,1,1,1,1,1,1,1,1,1,1,1,1,1,1,1,1,1,1,1,1,1,1,1,1,1,1,1,1,1,1,1,1,1,1,1,1,1,1,1,1,1,1,1,1,1,1,1,1,1,1,1,1,1,1,1,1,1,1,1,1,1,1,1,1,1,1,1,1,1,1,1,1,1,1,1,1,1,1,1,1,1,1,1,1,1,1,1,1,1,1,1,1,1,1,1,1,1,1,1,1,1,1,1,1,1,1,1,1,1,1,1,1,1,1,1,1,1,1,1,1,1,1,1,1,1,1,1,1,1,1,1,1,1,1,1,1,1,1,1,1,1,1,1,1,1,1,1,1,1,1,1,1,1,1,1,1,1,1,1,1,1,1,1,1,1,1,1,1,1,1,1,1,1,1,1,1,1,1,1,1,1,1,1,1,1,1,1,1,1,1,1,1,1,1,1,1,1,1,1,1,1,1,1,1,1,1,1,1,1,1,1,1,1,1,1,1,1,1,1,1,1,1,1,1,1,1,1,1,1,1,1,1,1,1,1,1,1,1,1,1,1,1,1,1,1,1,1,1,1,1,1,1,1,1,1,1,1,1,1,1,1,1,1,1,1,1,1,1,1,1,1,1,1,1,1,1,1,1,1,1,1,1,1,1,1,1,1,1,1,1,1,1,1,1,1,1,1,1,1,1,1,1,1,1,1,1,1,1,1,1,1,1,1,1,1,1,1,1,1,1,1,1,1,1,1,1,1,1,1,1,1,1,1,1,1,1,1,1,1,1,1,1,1,1,1,1,1,1,1,1,1,1,1,1,1,1,1,1,1,1,1,1,1,1,1,1,1,1,1,1,1,1,1,1,1,1,1,1,1,1,1,1,1,1,1,1,1,1,1,1,1,1,1,1,1,1,1,1,1,1,1,1,1,1,1,1,1,1,1,1,1,1,1,1,1,1,1,1,1,1,1,1,1,1,1,1,1,1,1,1,1,1,1,1,1,1,1,1,1,1,1,1,1,1,1,1,1,1,1,1,1,1,1,1,1,1,1,1,1,1,1,1,1,1,1,1,1,1,1,1,1,1,1,1,1,1,1,1,1,1,1,1,1,1,1,1,1,1,1,1,1,1,1,1,1,1,1,1,1,1,1,1,1,1,1,1,1,1,1,1,1,1,1,1,1,1,1,1,1,1,1,1,1,1,1,1,1,1,1,1,1,1,1,1,1,1,1,1,1,1,1,1,1,1,1,1,1,1,1,1,1,1,1,1,1,1,1,1,1,1,1,1,1,1,1,1,1,1,1,1,1,1,1,1,1,1,1,1,1,1,1,1,1,1,1,1,1,1,1,1,1,1,1,1,1,1,1,1,1,1,1,1,1,1,1,1,1,1,1,1,1,1,1,1,1,1,1,1,1,1,1,1,1,1,1,1,1,1,1,1,1,1,1,1,1,1,1,1,1,1,1,1,1,1,1,1,1,1,1,1,1,1,1,1,1,1,1,1,1,1,1,1,1,1,1,1,1,1,1,1,1,1,1,1,1,1,1,1,1,1,1,1,1,1,1,1,1,1,1,1,1,1,1,1,1,1,1,1,1,1,1,1,1,1,1,1,1,1,1,1,1,1,1,1,1,1,1,1,1,1,1,1,1,1,1,1,1,1,1,1,1,1,1,1,1,1,1,1,1,1,1,1,1,1,1,1,1,1,1,1,1,1,1,1,1,1,1,1,1,1,1,1,1,1,1,1,1,1,1,1,1,1,1,1,1,1,1,1,1,1,1,1,1,1,1,1,1,1,1,1,1,1,1,1,1,1,1,1,1,1,1,1,1,1,1,1,1,1,1,1,1,1,1,1,1,1,1,1,1,1,1,1,1,1,1,1,1,1,1,1,1,1,1,1,1,1,1,1,1,1,1,1,1,1,1,1,1,1,1,1,1,1,1,1,1,1,1,1,1,1,1,1,1,1,1,1,1,1,1,1,1,1,1,1,1,1,1,1,1,1,1,1,1,1,1,1,1,1,1,1,1,1,1,1,1,1,1,1,1,1,1,1,1,1,1,1,1,1,1,1,1,1,1,1,1,1,1,1,1,1,1,1,1,1,1,1,1,1,1,1,1,1,1,1,1,1,1,1,1,1,1,1,1,1,1,1,1,1,1,1,1,1,1,1,1,1,1,1,1,1,1,1,1,1,1,1,1,1,1,1,1,1,1,1,1,1,1,1,1,1,1,1,1,1,1,1,1,1,1,1,1,1,1,1,1,1,1,1,1,1,1,1,1,1,1,1,1,1,1,1,1,1,1,1,1,1,1,1,1,1,1,1,1,1,1,1,1,1,1,1,1,1,1,1,1,1,1,1,1,1,1,1,1,1,1,1,1,1,1,1,1,1,1,1,1,1,1,1,1,1,1,1,1,1,1,1,1,1,1,1,1,1,1,1,1,1,1,1,1,1,1,1,1,1,1,1,1,1,1,1,1,1,1,1,1,1,1,1,1,1,1,1,1,1,1,1,1,1,1,1,1,1,1,1,1,1,1,1,1,1,1,1,1,1,1,1,1,1,1,1,1,1,1,1,1,1,1,1,1,1,1,1,1,1,1,1,1,1,1,1,1,1,1,1,1,1,1,1,1,1,1,1,1,1,1,1,1,1,1,1,1,1,1,1,1,1,1,1,1,1,1,1,1,1,1,1,1,1,1,1,1,1,1,1,1,1,1,1,1,1,1,1,1,1,1,1,1,1,1,1,1,1,1,1,1,1,1,1,1,1,1,1,1,1,1,1,1,1,1,1,1,1,1,1,1,1,1,1,1,1,1,1,1,1,1,1,1,1,1,1,1,1,1,1,1,1,1,1,1,1,1,1,1,1,1,1,1,1,1,1,1,1,1,1,1,1,1,1,1,1,1,1,1,1,1,1,1,1,1,1,1,1,1,1,1,1,1,1,1,1,1,1,1,1,1,1,1,1,1,1,1,1,1,1,1,1,1,1,1,1,1,1,1,1,1,1,1,1,1,1,1,1,1,1,1,1,1,1,1,1,1,1,1,1,1,1,1,1,1,1,1,1,1,1,1,1,1,1,1,1,1,1,1,1,1,1,1,1,1,1,1,1,1,1,1,1,1,1,1,1,1,1,1,1,1,1,1,1,1,1,1,1,1,1,1,1,1,1,1,1,1,1,1,1,1,1,1,1,1,1,1,1,1,1,1,1,1,1,1,1,1,1,1,1,1,1,1,1,1,1,1,1,1,1,1,1,1,1,1,1,1,1,1,1,1,1,1,1,1,1,1,1,1,1,
1,0,1,42,2,1720818165,0,0.0,107,0,0,0,0,0,0,0,0,0,0,2,0,0,0,0,2,2,0,0,0,0,2,2,0,0,0,0,0,0,0,0,2,0,0,0,0,0,0,0,0,0,0,0,0,0,0,0,0,0,0,0,0,0,0,0,0,0,0,0,0,0,0,0,0,0,0,0,0,0,0,0,0,0,0,0,0,0,0,0,0,0,0,0,0,0,0,0,0,0,0,0,0,0,0,0,0,0,0,0,0,0,0,0,0,0,0,3,3,
0,1,0,77,1,-326978024,1,1039.0,1000,1,1,4,1,4,3,4,4,5,1,5,4,2,4,2,1,5,3,5,1,2,1,2,4,5,5,1,5,4,5,4,4,1,5,1,4,2,3,3,1,2,2,1,2,4,2,2,4,4,3,5,3,2,4,5,1,3,1,2,1,2,5,1,5,3,1,2,5,5,3,4,1,4,5,1,5,3,1,5,4,2,5,5,4,5,1,1,5,5,5,1,3,3,5,4,3,3,1,4,1,2,2,3,5,4,4,4,3,5,2,2,3,2,2,1,1,3,2,5,3,1,3,2,2,2,2,4,1,5,4,2,3,1,5,4,4,3,2,4,4,4,2,4,2,2,3,1,2,5,4,5,2,4,2,4,2,4,2,3,1,2,4,4,4,5,1,3,3,3,5,5,1,3,5,1,3,1,5,4,5,5,5,3,5,3,1,4,2,5,3,5,2,1,1,5,1,2,2,4,1,1,2,5,5,3,3,3,2,3,5,5,5,3,4,1,4,1,2,3,2,4,2,2,2,1,5,2,2,1,5,1,1,4,2,2,2,3,2,5,1,3,4,1,5,5,4,1,4,1,3,1,3,1,4,3,3,1,4,3,5,1,1,2,1,3,5,5,5,5,5,5,5,3,5,5,5,2,1,1,2,5,3,4,5,5,3,4,5,3,3,3,3,3,5,1,5,5,2,4,2,1,4,5,4,3,2,1,2,5,4,1,4,4,4,1,5,3,3,4,4,1,3,3,1,1,2,3,5,4,1,1,3,1,5,4,5,1,1,3,5,2,5,4,3,1,4,5,1,2,5,4,1,4,3,4,1,1,1,4,3,4,3,3,4,5,3,5,3,3,5,5,1,3,3,5,4,5,3,4,5,1,5,2,1,5,2,1,2,5,1,3,3,2,3,3,3,4,3,4,5,3,4,5,2,5,4,1,5,3,2,4,3,4,2,4,4,3,1,2,4,3,2,1,2,3,2,1,4,5,5,5,3,5,1,5,3,2,1,1,1,5,1,4,2,1,4,5,5,5,1,1,2,5,4,5,4,3,1,5,3,3,4,2,3,5,4,3,5,5,4,5,4,3,4,4,4,4,4,2,1,5,3,3,1,1,3,1,2,1,1,2,1,3,4,1,3,1,4,2,1,4,5,3,2,2,3,1,3,1,5,3,1,1,1,2,5,1,2,2,2,4,1,4,1,5,4,1,2,2,4,1,5,4,4,4,4,2,5,3,3,2,2,2,5,3,1,5,3,3,5,5,2,4,1,2,2,3,3,2,5,5,5,4,4,2,5,5,3,5,1,5,2,5,5,3,3,5,3,1,5,5,3,4,5,1,4,3,4,5,5,4,5,1,1,5,1,5,1,3,2,1,1,2,3,2,2,5,3,1,5,1,1,2,1,2,1,4,3,4,5,5,3,5,5,4,2,4,5,5,5,4,5,3,5,3,4,1,5,3,2,5,5,5,5,1,1,2,2,5,3,1,5,4,2,4,2,4,2,3,1,5,2,4,2,2,1,4,1,4,2,2,1,5,5,2,5,3,4,5,4,1,1,5,1,1,3,5,3,3,3,3,1,4,1,1,5,2,1,4,2,5,1,2,2,2,2,4,1,3,2,1,1,1,4,3,2,2,1,5,3,2,5,3,3,1,4,2,4,5,2,5,4,5,3,5,2,2,1,1,4,5,3,3,5,5,5,5,4,2,4,1,1,2,1,4,5,4,1,1,4,2,2,1,2,5,5,5,2,2,1,2,5,5,1,2,4,1,1,5,5,5,5,4,5,1,3,1,1,4,3,4,1,4,2,3,5,4,1,4,3,3,1,2,4,2,3,3,1,1,5,3,5,5,5,3,1,1,3,5,3,2,5,3,2,2,3,5,1,1,1,4,4,4,5,2,3,4,1,2,5,2,3,1,2,5,1,4,2,3,5,4,1,3,5,1,3,3,5,5,5,2,5,4,3,5,1,4,1,1,5,5,1,4,3,4,3,4,1,1,4,1,2,1,2,1,2,2,2,1,1,2,4,2,2,1,1,2,2,2,5,1,2,4,5,1,5,2,2,1,4,4,5,1,5,4,5,1,5,5,4,4,3,4,3,2,1,1,5,1,4,3,1,1,4,1,2,5,3,4,5,4,1,2,1,2,3,2,5,5,1,2,2,3,3,4,2,1,2,1,4,5,3,5,4,2,4,1,1,4,5,3,5,1,3,4,4,3,5,1,4,3,3,5,4,5,3,1,2,5,5,4,2,3,3,2,5,4,3,3,1,4,
0,0,0,77,4,-35427225,0,3.0,442,5,5,5,5,5,5,5,5,5,5,5,5,5,5,5,5,5,5,5,5,5,5,5,5,5,5,5,5,5,5,5,5,5,5,5,5,5,5,5,5,5,5,5,5,5,5,5,5,5,5,5,5,5,5,5,5,5,5,5,5,5,5,5,5,5,5,5,5,5,5,4,4,4,5,5,5,5,5,5,5,5,5,5,5,5,5,5,5,5,5,5,5,5,5,5,5,5,5,5,5,5,5,5,5,5,5,5,5,5,5,5,5,5,5,5,5,5,5,5,5,5,5,5,5,5,5,5,5,5,5,5,5,5,5,5,5,5,5,5,5,5,5,5,5,5,5,5,5,5,5,5,5,5,5,5,5,5,5,5,5,5,5,5,5,5,5,5,5,5,5,5,5,5,5,5,5,5,5,5,5,5,5,5,5,5,5,5,5,5,5,5,5,5,5,5,5,5,5,5,5,5,5,5,5,5,5,5,5,5,5,5,5,5,5,5,5,5,5,5,5,5,5,5,5,5,5,5,5,5,5,5,5,5,5,5,5,5,5,5,5,5,5,5,5,5,5,5,5,5,5,5,5,5,5,5,5,5,5,5,5,5,5,5,5,5,5,5,5,5,5,5,5,5,5,5,5,5,5,5,5,5,5,5,5,5,5,5,5,5,5,5,5,5,5,5,5,5,5,5,5,5,5,5,5,5,5,5,5,5,5,5,5,5,5,5,5,5,5,5,5,5,5,5,5,5,5,5,5,5,5,5,5,5,5,5,5,5,5,5,5,5,5,5,5,5,5,5,5,5,5,5,5,5,5,5,5,5,5,5,5,5,5,5,5,5,5,5,5,5,5,5,5,5,5,5,5,5,5,5,5,5,5,5,5,5,5,5,5,5,5,5,5,5,5,5,5,5,5,5,5,5,5,5,5,5,5,5,5,5,5,5,5,5,5,5,5,5,5,5,5,5,5,5,5,5,5,5,5,5,5,5,5,5,5,5,5,5,5,5,5,5,5,5,
1,0,1,77,3,1815943607,0,0.0,57,0,0,0,0,3,3,3,3,3,3,3,3,3,0,0,4,4,0,5,5,5,5,5,5,2,2,2,2,2,2,2,4,4,4,4,4,4,4,0,0,0,0,1,1,1,1,1,1,0,0,4,0,0,1,1,1,1,1,
1,1,0,77,1,-1024025727,0,24.0,442,0,0,0,0,0,0,0,0,0,0,4,0,0,0,0,4,0,0,4,0,0,0,1,1,5,5,0,5,0,0,5,0,5,0,0,5,5,0,0,0,5,5,3,3,0,0,3,0,3,3,0,0,1,0,0,0,4,4,0,0,0,4,4,0,0,1,0,0,5,5,0,5,0,5,0,3,3,0,0,0,0,0,5,0,5,0,5,0,5,0,0,0,1,1,0,5,0,5,0,5,0,5,0,5,0,0,3,3,0,0,0,1,0,5,5,0,5,0,5,0,5,0,5,0,5,0,5,5,0,0,0,0,3,3,0,0,1,0,0,5,0,0,5,0,5,0,5,0,0,5,0,5,0,4,4,4,4,4,4,0,0,0,0,0,0,0,5,5,0,5,0,5,0,0,1,1,0,5,0,5,0,0,0,0,5,0,0,3,3,3,0,0,0,0,5,5,0,0,5,5,5,5,5,5,0,0,3,3,0,3,0,3,0,0,1,1,0,0,0,0,0,4,4,0,0,5,0,0,5,0,0,0,0,0,3,0,1,1,0,0,5,0,0,5,0,5,0,0,0,4,0,0,0,0,0,0,0,5,0,0,5,5,0,5,5,0,0,5,5,0,5,5,0,5,0,0,5,0,5,5,0,5,5,0,5,0,5,5,0,0,0,0,4,4,0,0,0,0,4,0,0,0,0,0,0,0,1,0,0,0,5,5,0,5,0,0,5,0,5,5,0,0,0,0,0,0,0,0,0,0,0,0,2,2,0,2,0,0,0,2,0,0,2,0,0,3,3,0,5,5,0,5,0,0,0,5,0,0,0,0,0,0,0,0,4,4,4,4,4,0,0,0,0,0,2,2,0,2,0,0,2,2,0,0,0,0,5,0,5,5,0,0,3,3,0,0,0,0,0,0,3,0,5,5,0,5,0,5,0,5,0,0,5,0,5,0,0,0,0,1,1,0,0,5,0,5,5,0,5,0,0,0,0,0,0,0,0,0,0,5,5,0,0,
0,0,0,77,0,-1725703340,0,0.0,224,2,5,5,5,5,5,5,5,5,5,5,5,5,5,5,5,5,5,5,5,5,5,5,5,5,5,5,5,5,5,5,5,5,5,5,5,5,5,5,5,5,5,5,5,5,5,5,5,5,5,5,5,5,5,5,5,5,5,5,5,5,5,5,5,5,5,5,5,5,5,5,5,5,5,5,5,5,1,5,5,5,5,5,5,5,5,5,5,5,5,5,5,5,5,5,5,5,5,5,5,5,5,5,5,5,5,5,5,5,5,5,5,5,5,5,5,5,5,5,5,5,5,5,5,5,5,5,5,5,5,5,5,5,5,5,5,5,5,5,5,5,5,5,5,5,5,5,5,5,5,5,5,5,5,5,5,5,5,5,5,5,5,5,5,5,1,5,5,5,1,5,5,5,1,5,5,5,1,1,1,1,1,5,5,5,5,5,5,5,5,5,5,5,5,5,5,5,5,1,5,5,5,5,1,5,5,5,1,5,5,5,1,5,5,5,1,5,5,5,5,1,5,5,5,5,
1,1,0,77,3,-2056009960,0,5.0,174,0,0,0,0,0,0,0,0,0,0,0,2,2,0,0,2,2,2,2,0,0,0,0,0,1,1,0,0,3,3,0,0,3,0,0,5,5,0,0,5,0,5,0,0,0,4,4,4,0,0,0,0,0,3,0,5,5,0,5,0,0,5,0,5,0,5,0,0,0,0,3,3,0,0,0,0,0,3,0,0,0,0,0,0,4,4,4,0,4,0,0,3,3,0,0,5,0,0,5,0,0,5,0,5,5,0,5,0,5,0,5,0,5,0,5,0,0,5,0,5,0,0,3,0,0,0,0,0,5,5,0,5,0,5,0,0,0,5,5,0,0,0,0,0,4,4,0,0,0,4,4,0,0,0,5,5,0,5,0,5,0,5,0,5,0,0,3,0,0,0,0,0,0,0,0,
0,1,0,42,3,-1543402404,0,0.0,1999,4,1,1,1,1,1,2,1,1,3,1,2,4,2,2,2,2,1,4,1,1,4,4,4,1,4,4,4,1,2,4,2,1,2,1,1,2,4,4,4,4,1,4,2,1,2,2,1,2,2,1,4,1,1,1,1,2,2,1,2,4,4,4,4,4,4,1,4,1,2,4,4,2,4,2,2,1,1,4,4,4,4,1,4,2,4,1,1,1,2,1,1,4,1,2,4,2,1,2,1,2,1,2,4,4,1,2,2,4,4,1,1,1,1,4,4,2,4,2,4,4,1,2,2,4,2,2,2,4,1,1,4,1,1,4,1,2,2,2,2,4,1,2,4,1,1,2,4,2,4,1,1,2,4,2,4,3,4,2,2,2,4,1,2,4,2,2,4,4,1,1,2,2,1,1,4,2,4,4,4,1,1,2,4,1,1,1,4,1,4,1,4,2,4,4,1,1,2,4,2,2,1,1,4,1,4,4,4,1,2,4,1,4,2,1,1,1,1,2,2,2,1,4,1,4,2,4,4,1,1,4,1,4,1,4,2,1,2,2,4,4,1,4,1,1,1,1,2,2,1,4,1,4,4,2,4,4,1,2,2,2,1,2,2,1,2,4,4,2,1,2,1,2,4,4,1,2,1,1,2,2,1,2,2,1,4,1,4,4,1,4,1,1,2,4,2,4,4,4,4,2,4,1,2,4,1,2,1,2,4,1,1,1,3,1,2,3,4,2,3,2,2,1,2,3,3,2,1,1,1,2,1,2,1,2,2,1,1,2,2,2,4,4,3,4,4,4,1,1,1,4,1,2,2,4,1,4,4,1,1,4,1,1,1,2,4,4,1,1,1,1,2,4,2,1,1,4,4,4,2,1,1,1,4,1,2,1,4,1,2,4,1,4,2,4,1,2,4,4,4,4,4,1,1,4,4,1,4,2,1,1,1,2,4,2,2,2,1,4,1,2,1,2,1,4,2,4,4,2,2,1,4,4,1,1,1,2,1,1,1,2,1,1,4,1,4,4,4,4,4,1,1,4,2,4,4,2,4,2,4,4,1,1,2,4,4,4,1,2,1,1,2,4,2,4,2,4,3,4,4,4,3,2,4,4,2,1,2,4,4,2,4,1,1,2,2,3,2,1,4,4,1,4,1,1,4,1,2,4,1,2,4,2,1,2,2,1,4,1,4,1,1,4,4,2,4,2,1,2,2,4,4,2,4,4,2,2,1,4,4,2,4,4,1,4,2,1,2,1,1,1,2,1,2,2,1,4,4,2,1,2,2,4,4,1,4,2,4,2,2,2,1,1,2,1,1,1,2,1,1,2,4,1,2,1,2,1,1,4,4,2,1,4,1,2,1,1,1,4,2,1,1,2,2,2,1,2,1,4,2,2,1,2,2,2,4,4,3,4,4,4,1,1,2,1,1,2,2,4,4,2,1,4,1,2,4,2,2,1,1,1,1,4,4,1,2,1,1,1,4,4,2,4,3,4,1,1,4,4,1,4,1,4,4,1,4,4,4,2,2,1,1,4,4,2,1,4,2,2,2,2,2,1,2,1,1,1,1,4,4,2,2,4,4,4,1,1,1,1,4,1,2,4,1,4,1,4,2,1,4,2,1,2,4,4,2,2,2,2,2,4,2,4,2,1,1,2,2,4,2,4,2,1,4,1,4,4,2,1,2,4,4,2,4,4,1,4,1,2,4,2,2,1,1,1,4,4,2,4,4,4,1,1,2,1,2,2,4,1,4,1,2,2,4,4,4,1,1,1,4,2,2,4,2,2,4,4,4,1,1,1,2,4,1,1,1,4,1,2,2,2,1,1,4,4,4,4,1,4,2,4,2,1,4,4,1,1,4,4,4,2,1,1,2,1,4,1,1,2,4,2,4,2,1,1,2,2,1,2,4,4,1,4,2,1,4,1,1,2,1,4,4,2,1,4,2,2,1,2,2,4,4,4,1,2,2,2,1,4,2,2,1,1,1,4,2,4,4,4,4,2,2,1,4,2,2,1,1,1,2,1,4,2,2,4,4,1,1,1,2,2,4,1,1,1,2,1,2,4,1,2,4,1,1,2,1,4,1,2,2,4,4,2,4,2,4,4,1,4,4,2,2,4,4,2,1,1,3,1,4,1,1,1,2,1,2,4,4,1,2,1,4,2,3,4,2,1,4,1,2,4,2,2,2,1,4,3,4,2,2,2,1,2,4,2,1,4,4,2,1,2,4,4,1,1,1,1,4,4,2,1,1,1,4,1,2,1,1,2,1,1,2,1,4,2,2,2,4,2,4,4,1,4,4,4,4,2,1,1,4,4,2,4,1,4,4,2,1,2,2,2,2,1,1,2,1,2,1,2,2,2,1,1,1,1,2,4,2,1,2,2,1,2,4,4,1,4,2,4,2,2,2,4,1,1,1,4,4,4,4,1,4,2,1,4,4,1,4,1,2,1,1,4,2,4,2,2,2,1,2,2,1,1,4,2,4,1,3,4,1,1,1,1,1,1,2,2,2,1,2,2,1,2,4,1,1,2,2,4,2,4,2,1,4,2,1,2,1,4,4,1,2,2,2,2,4,1,1,4,4,2,4,2,2,2,1,2,2,1,1,1,4,4,2,4,2,3,4,1,2,2,4,1,2,3,4,4,2,3,4,1,2,4,4,4,2,1,2,2,1,2,4,2,1,2,1,4,4,4,1,4,4,2,4,1,1,1,2,1,1,4,1,1,2,1,4,2,2,1,2,1,4,4,1,1,1,2,1,1,1,1,1,4,2,2,4,2,2,2,1,1,4,2,2,1,1,2,1,2,2,4,1,1,1,1,2,1,2,1,4,4,4,4,2,4,4,2,2,1,2,2,4,4,4,4,3,4,3,2,4,2,3,4,3,4,4,1,2,1,1,2,4,1,1,4,4,1,1,2,2,2,4,3,4,3,2,4,3,4,2,4,4,1,2,1,1,4,4,4,2,2,1,2,2,2,4,2,4,1,1,4,4,1,1,1,2,2,1,2,4,4,4,1,4,2,1,2,4,1,4,2,4,1,2,2,2,4,2,1,4,3,4,2,1,1,1,1,4,1,2,4,2,1,1,1,4,2,2,1,4,2,2,4,1,1,4,2,2,2,4,1,1,2,1,2,1,4,2,1,4,2,1,1,1,1,4,2,1,4,4,3,3,3,4,3,2,1,3,1,2,2,3,2,3,1,3,3,2,3,3,3,1,2,3,1,2,3,3,2,3,4,2,2,2,2,4,4,3,2,3,4,1,4,3,2,3,2,1,1,3,3,3,3,3,3,3,3,3,3,2,2,2,4,4,2,3,2,1,2,2,3,1,3,2,3,2,2,1,2,2,3,1,2,1,2,2,4,1,2,3,1,1,2,1,3,1,3,3,2,2,2,3,2,3,4,3,3,2,2,3,2,2,1,1,2,1,3,2,2,1,4,3,1,2,1,2,2,2,2,2,2,2,2,2,2,3,2,4,1,1,4,3,4,4,4,4,1,1,1,1,1,2,3,4,4,4,1,1,1,4,2,1,2,2,1,2,2,1,2,2,1,2,4,4,1,1,2,2,2,2,4,4,1,2,1,4,2,2,2,4,1,2,4,4,4,4,1,4,4,1,4,1,4,4,1,1,1,1,2,1,2,4,1,4,2,2,1,1,2,4,2,1,2,2,1,4,1,1,1,2,1,2,2,1,1,2,4,4,2,2,2,4,1,4,2,3,4,4,2,2,4,4,1,1,4,4,4,1,2,2,2,1,1,4,2,4,1,2,2,1,2,2,4,4,4,1,2,2,1,1,2,2,1,4,2,2,4,2,1,4,1,1,4,1,2,4,1,2,2,1,1,2,2,1,4,2,2,1,1,1,1,2,4,2,1,2,2,2,2,1,1,1,1,4,1,4,4,1,1,4,4,4,1,2,1,1,4,4,2,2,1,2,2,1,2,2,2,1,2,2,1,1,1,1,1,2,4,1,1,2,4,4,4,2,1,1,4,2,4,1,4,4,1,1,4,4,4,4,2,2,2,2,2,3,1,4,2,1,1,2,1,1,4,2,1,2,1,4,4,3,4,3,4,1,1,4,1,4,1,4,4,2,1,2,2,4,4,4,1,1,4,1,1,4,2,1,4,2,1,1,2,2,4,1,1,4,1,2,1,2,1,1,1,2,4,1,2,1,4,4,4,1,1,1,2,3,2,1,2,4,4,1,2,1,1,1,4,4,2,1,4,1,4,4,2,3,4,1,1,1,2,2,4,4,2,4,4,4,2,4,4,4,2,4,1,4,1,4,4,1,2,1,1,2,3,4,4,1,1,1,4,1,4,1,2,1,1,2,2,1,1,4,1,1,2,4,1,2,1,2,1,2,4,4,4,1,2,1,1,4,1,4,2,1,1,1,1,1,4,4,1,4,1,1,4,1,2,4,1,1,2,4,4,4,2,1,2,4,2,1,1,2,4,2,1,4,2,2,2,4,3,4,4,1,1,2,2,1,1,4,1,2,4,1,4,2,1,1,4,3,
0,1,0,42,4,449579543,1,1.0,203,3,2,2,2,2,2,2,3,2,2,1,4,3,3,2,1,2,3,2,2,1,4,4,4,2,3,3,3,2,3,1,1,3,1,2,1,2,3,4,3,4,3,2,3,3,4,2,2,3,3,3,2,4,3,2,1,3,2,1,4,3,4,4,1,2,1,2,1,4,2,1,4,2,4,3,1,2,2,1,3,2,4,2,4,1,4,2,3,1,1,2,1,2,3,2,1,4,3,1,1,3,2,1,2,3,2,2,2,2,4,2,2,4,3,3,1,3,2,2,1,3,4,4,2,2,2,4,1,2,4,3,3,1,1,3,1,1,3,2,3,3,3,1,2,2,1,3,2,4,2,3,1,1,4,3,1,4,2,2,1,1,3,3,3,1,1,3,3,3,1,1,1,1,1,1,3,1,4,2,2,3,1,4,2,3,4,3,1,3,2,1,4,2,4,1,1,1,2,1,2,1,1,3,3,
0,0,0,0,0,1243822671,0,38.0,302,5,5,5,5,5,5,5,5,5,5,5,5,5,5,5,5,5,5,5,5,5,5,5,5,5,5,5,5,5,5,5,5,5,5,5,5,5,5,5,5,5,5,5,5,5,5,5,5,5,5,5,5,5,5,5,5,5,5,5,5,5,5,5,5,5,5,1,5,5,5,5,5,5,5,5,5,5,5,1,5,5,5,5,5,5,5,5,5,5,5,5,1,5,5,5,5,5,5,5,5,5,5,1,5,5,5,5,5,5,5,5,5,5,5,5,1,5,5,5,5,5,5,5,5,5,5,5,1,5,5,5,5,5,5,5,5,5,5,5,5,1,5,5,5,5,5,5,5,5,5,5,1,5,5,5,5,5,5,5,5,5,5,5,1,5,5,5,5,5,5,5,5,5,5,5,5,1,5,5,5,5,5,1,1,5,5,5,5,1,5,5,5,5,1,5,5,5,1,5,5,1,5,5,5,5,5,5,5,5,5,5,5,5,5,5,5,5,5,5,5,5,5,5,5,5,5,5,5,5,5,5,5,5,5,5,5,5,5,5,5,5,5,5,5,5,5,5,5,5,5,5,5,5,5,5,5,5,5,5,5,5,5,5,5,5,5,5,5,5,5,5,5,5,5,5,5,5,5,5,5,5,5,5,5,5,5,5,5,5,5,5,5,5,5,5,5,5,5,5,5,5,5,5,
0,1,0,77,4,532697425,0,20.0,421,5,1,3,3,5,3,5,4,1,5,3,3,3,4,1,4,3,1,1,3,5,3,5,5,5,5,3,5,2,1,3,4,2,5,5,3,4,1,4,5,3,5,1,1,2,2,3,1,3,4,1,2,5,2,2,3,4,2,4,5,2,5,4,4,4,5,5,5,2,2,2,5,5,2,5,4,1,5,5,4,4,3,1,3,3,3,5,3,5,1,2,3,2,2,5,2,1,5,5,2,5,3,2,4,5,1,3,3,2,2,5,3,2,5,1,4,3,4,3,3,5,4,5,2,2,2,2,5,2,4,2,4,4,4,5,2,4,3,1,4,4,4,2,4,5,2,2,4,1,4,2,3,4,3,4,4,3,4,3,5,4,5,5,5,3,3,5,5,4,5,2,5,2,1,4,2,4,3,4,1,1,5,4,1,2,2,3,3,4,3,4,5,4,1,3,3,2,5,3,1,4,4,5,1,1,5,2,1,2,4,5,1,3,1,2,3,5,5,1,5,3,2,3,5,5,4,5,5,5,1,5,2,5,5,5,5,1,5,1,2,3,5,2,1,4,3,1,1,4,2,2,2,5,3,3,5,3,4,4,2,2,1,4,4,1,3,3,1,4,5,5,5,2,1,4,1,4,5,4,5,5,2,5,5,5,2,4,4,5,1,1,1,1,5,2,3,4,2,4,3,2,3,2,4,4,4,2,4,2,5,2,2,1,1,1,2,2,3,5,5,1,5,4,5,2,2,4,1,3,4,2,3,5,5,5,2,5,4,5,3,5,5,5,5,5,3,1,3,5,5,1,5,5,1,1,2,3,1,1,5,4,4,2,5,4,5,4,1,1,2,3,2,3,4,4,2,2,2,2,2,4,3,2,5,3,3,5,5,4,3,2,2,3,5,3,1,5,4,3,2,3,4,4,4,4,2,3,5,4,1,3,5,4,1,2,4,1,2,4,3,3,2,
0,2,1,77,0,-815052674,1,1058.0,1000,5,5,1,2,4,2,5,2,5,3,2,1,4,1,1,2,5,1,3,4,3,1,1,2,5,3,2,4,2,5,4,3,3,2,3,1,3,4,1,5,5,5,5,3,3,1,3,4,1,4,3,3,3,4,3,2,3,4,1,5,3,1,2,5,2,5,1,4,2,5,2,2,2,2,5,2,3,5,3,4,4,5,5,5,4,3,4,2,2,2,4,4,2,5,5,1,5,2,3,5,2,1,1,2,4,5,2,1,1,3,2,2,2,4,2,1,2,4,5,4,5,4,1,5,1,4,3,3,1,2,3,5,4,4,1,5,3,4,5,2,2,5,4,5,1,2,2,3,5,2,1,5,1,5,2,1,1,5,1,5,2,4,1,1,3,2,4,2,1,4,5,4,4,5,1,5,2,2,5,5,1,1,5,3,3,2,1,2,2,2,5,5,3,5,2,5,4,3,3,3,1,5,2,5,3,3,2,2,5,3,2,5,3,5,1,4,5,2,4,1,4,5,4,4,3,5,4,3,4,2,4,5,1,5,5,2,5,1,3,5,3,5,3,2,5,4,1,3,4,4,4,3,3,2,5,4,1,4,3,3,3,5,1,3,1,1,3,4,2,3,5,2,4,5,2,5,3,1,3,5,1,3,2,2,2,5,1,4,5,5,1,2,2,4,4,2,1,5,5,5,1,1,4,3,1,3,2,5,1,5,1,1,5,5,1,5,4,3,2,3,2,3,5,3,5,5,3,2,4,3,2,2,2,2,4,5,5,2,3,3,2,1,2,5,4,5,5,4,2,2,5,3,4,5,2,2,2,5,1,5,3,5,5,3,4,5,1,3,4,4,3,3,2,4,5,2,3,4,5,5,4,5,1,2,3,5,1,2,4,4,2,5,1,1,2,5,3,5,3,5,4,5,2,4,2,2,4,5,4,4,5,4,4,5,1,4,3,5,4,2,2,3,4,5,5,5,1,4,2,5,2,2,2,2,1,2,1,1,2,5,4,5,3,4,5,1,5,5,4,5,2,4,1,1,3,3,3,3,1,4,3,2,2,4,5,4,5,1,4,4,1,5,1,2,5,3,4,1,4,5,5,3,4,2,5,1,1,3,1,2,1,2,5,1,1,5,5,4,5,2,5,5,5,2,5,2,4,3,4,5,2,2,3,1,1,5,5,1,1,1,4,5,3,2,3,4,5,1,5,2,2,5,1,1,3,3,3,5,1,2,5,3,4,3,3,1,2,5,3,2,2,5,4,5,1,3,1,3,2,2,3,4,5,1,1,5,1,3,5,1,5,3,2,1,1,1,5,4,5,5,4,5,4,2,1,2,1,1,5,4,5,5,5,1,1,1,5,5,1,1,5,2,5,4,3,3,4,5,5,4,2,5,1,4,4,4,3,4,1,5,3,5,5,1,4,1,5,1,1,5,5,3,5,3,3,2,3,5,2,5,3,5,2,2,4,4,3,5,3,1,3,1,3,4,3,2,5,2,4,3,4,5,1,5,3,4,5,4,2,2,5,5,3,5,5,2,5,5,4,1,2,3,2,1,1,2,3,4,1,5,1,5,2,5,4,5,4,2,1,5,4,4,4,3,4,1,5,2,5,3,4,1,1,5,5,4,2,3,2,3,5,3,1,3,2,5,4,1,2,4,3,2,1,2,3,5,5,2,5,4,1,1,1,5,1,2,1,3,5,1,1,1,3,4,5,3,1,5,3,3,5,3,1,5,3,5,5,4,2,5,1,1,3,5,4,1,1,4,1,3,3,3,4,5,2,5,4,3,3,5,3,4,2,2,1,2,5,1,1,2,3,1,4,5,4,3,4,3,4,5,1,4,1,1,4,5,5,2,1,4,3,5,2,4,5,5,4,1,3,1,3,5,1,3,3,2,2,3,3,1,5,3,1,4,2,2,5,3,1,1,3,2,5,5,2,2,4,1,4,5,5,5,2,4,3,5,1,5,3,4,2,5,5,4,1,2,5,1,4,5,3,3,2,1,1,2,3,5,5,5,4,5,3,2,4,5,5,4,1,3,5,2,5,4,4,3,3,1,1,1,2,1,1,3,5,2,3,1,2,1,3,1,4,5,2,2,1,4,5,5,5,4,5,1,2,4,5,2,5,5,2,4,5,5,4,3,4,3,5,3,1,3,3,5,4,4,5,3,2,5,5,5,4,4,2,3,3,4,3,1,1,2,4,5,4,3,4,3,5,5,2,4,2,3,3,4,1,3,4,1,4,4,4,5,5,2,4,4,4,5,2,
0,1,0,0,2,-1350395840,1,77.0,577,2,2,5,5,5,1,1,1,5,1,1,1,5,5,5,5,5,2,5,2,5,5,1,5,5,2,2,1,2,2,5,2,5,5,1,2,5,1,1,1,1,2,2,2,5,2,2,2,5,2,2,5,2,2,1,2,2,2,5,2,5,2,1,2,5,5,5,5,5,1,5,1,5,5,5,5,1,5,1,1,2,2,1,2,1,5,5,2,5,1,1,2,1,1,2,5,1,2,5,5,2,1,1,1,5,5,5,1,2,5,5,1,2,5,2,1,1,5,1,1,1,2,1,2,1,2,5,1,1,5,5,2,5,2,2,2,1,5,1,1,5,5,1,1,1,5,5,1,5,1,5,2,1,1,5,2,1,1,1,1,5,5,5,5,1,5,5,5,5,1,5,1,2,1,2,1,1,5,5,5,2,5,1,2,1,1,5,2,1,2,5,5,2,5,5,5,5,1,2,2,2,2,2,2,5,1,1,5,5,1,2,2,5,2,2,5,5,2,5,2,1,5,1,2,5,1,1,2,5,2,5,5,1,1,1,2,2,1,1,1,1,2,5,5,5,2,2,5,1,1,5,1,1,1,2,5,1,5,5,1,2,2,2,5,5,5,1,5,5,1,2,5,5,2,5,5,1,2,5,1,2,5,1,1,2,2,5,1,5,1,2,2,5,5,1,2,1,1,5,2,5,5,5,2,5,5,1,1,2,5,1,2,2,5,1,2,1,5,2,2,1,1,5,2,5,2,5,2,1,2,5,5,5,5,1,1,1,5,5,5,5,1,1,5,1,5,5,2,5,1,2,5,2,1,1,2,1,5,1,5,2,5,5,1,2,5,5,2,2,2,5,1,5,5,2,2,1,2,1,5,1,2,1,1,1,5,2,5,5,5,1,2,2,1,5,5,2,1,5,2,2,1,1,1,2,5,1,2,2,2,5,1,1,1,2,5,2,5,2,1,5,2,2,2,2,1,2,2,1,1,2,5,1,5,5,1,2,1,2,5,5,1,5,2,5,2,5,5,5,2,2,5,5,2,2,5,2,1,1,2,1,1,2,1,5,5,2,2,5,2,5,1,5,5,2,1,5,1,2,1,1,5,2,2,5,1,1,2,2,2,1,5,1,2,2,1,5,5,5,5,2,5,1,2,5,5,2,5,1,2,2,5,1,5,1,1,1,2,5,5,5,2,5,2,2,5,5,2,1,1,5,2,5,2,1,2,2,5,1,1,2,5,2,5,5,5,5,2,1,2,2,2,1,2,2,1,2,2,1,5,1,5,2,1,1,1,1,1,5,2,1,5,2,5,5,5,1,2,
0,2,1,0,4,1408833193,1,74.0,452,2,5,1,5,5,5,2,5,2,2,5,2,2,5,5,5,5,5,2,5,2,2,5,5,1,2,2,5,5,5,2,5,5,2,5,5,2,2,5,5,2,1,2,5,2,5,2,5,2,1,5,1,5,5,2,2,5,2,1,2,5,5,2,2,5,2,1,5,2,5,1,5,2,2,5,5,2,5,5,5,2,2,5,2,1,2,5,1,2,2,5,2,2,2,5,2,1,5,5,5,1,1,1,1,5,5,2,5,5,1,2,2,5,2,5,5,5,2,5,2,5,2,1,2,1,2,1,1,1,2,1,5,2,1,1,5,5,1,5,1,5,1,2,5,1,1,1,1,1,5,5,2,2,5,5,2,5,1,2,1,1,5,1,2,1,2,1,2,2,2,5,2,1,2,5,1,5,5,5,1,2,1,5,5,1,1,1,5,5,5,2,2,1,1,5,1,1,1,1,2,5,2,1,1,1,1,1,1,1,1,5,5,1,1,1,5,1,5,1,2,1,5,2,2,5,1,1,5,1,1,1,5,2,1,1,1,5,1,5,5,5,5,2,2,5,1,5,1,1,5,1,5,2,2,5,5,5,2,2,1,5,1,1,1,2,5,1,1,2,1,5,2,2,5,1,5,5,2,2,5,1,1,5,1,5,1,1,5,1,5,1,2,2,2,5,1,5,2,5,5,5,1,5,1,2,5,5,1,1,1,2,5,2,2,1,5,2,5,2,5,2,5,1,5,1,1,5,1,1,1,5,2,5,5,5,5,1,1,2,2,5,5,5,2,2,2,1,5,2,2,5,5,2,1,2,5,1,1,1,5,2,5,5,2,5,2,1,5,1,5,1,5,1,1,1,1,5,1,2,2,5,5,2,5,1,5,1,1,1,2,5,1,2,2,2,5,5,2,2,5,1,5,2,5,2,1,1,5,5,2,1,1,1,1,5,2,5,5,2,5,5,1,5,5,1,1,1,5,5,1,2,1,5,5,2,2,5,5,1,1,5,5,5,1,5,2,5,2,5,5,5,1,5,
0,1,0,42,1,151640893,1,1.0,274,3,4,1,4,4,4,2,4,2,2,4,2,4,4,1,1,4,3,2,4,3,4,3,2,2,1,4,4,3,1,2,4,2,1,2,4,1,2,2,3,4,2,4,4,2,3,1,1,4,2,3,4,4,3,4,3,4,4,4,4,2,4,2,4,2,2,3,2,2,1,4,1,1,1,2,4,4,2,1,4,2,1,1,4,2,1,1,1,1,1,4,4,1,4,1,1,2,1,2,1,1,2,4,2,4,1,2,3,4,1,1,1,2,3,1,4,4,1,2,3,2,1,1,4,4,2,4,2,2,3,3,2,4,1,1,2,4,4,2,4,1,1,4,2,2,2,4,4,1,2,4,1,1,2,1,4,1,2,1,4,1,4,1,4,2,2,2,1,1,1,4,4,1,4,1,2,2,4,4,2,1,3,4,2,4,4,2,2,1,4,2,4,1,2,2,2,1,1,1,1,2,4,1,1,4,3,4,1,4,4,4,1,1,1,1,4,4,2,4,4,2,2,2,2,2,2,1,4,2,1,3,4,2,2,1,1,2,2,1,1,1,1,2,1,1,2,2,2,1,4,1,1,2,3,4,1,2,1,2,3,1,3,4,2,1,3,3,3,2,3,2,2,3,3,3,
0,2,1,77,3,1921774761,1,5077.0,1000,1,3,1,5,2,1,2,5,4,4,5,5,2,3,5,3,5,5,2,2,2,5,1,3,3,1,5,3,3,2,5,5,3,2,1,3,3,3,1,1,5,4,2,1,4,2,1,1,2,5,4,2,1,2,5,4,1,5,3,5,5,2,3,2,4,4,1,4,4,4,2,5,5,3,5,4,5,2,5,3,5,5,1,3,5,4,5,4,3,2,5,1,3,2,3,5,3,1,1,4,1,1,1,1,5,2,2,5,1,4,1,4,2,3,5,1,4,3,4,1,3,3,4,5,3,5,1,4,1,3,4,1,3,2,1,1,4,3,3,1,2,4,4,2,1,5,4,3,3,3,1,5,5,2,5,5,5,3,4,4,1,4,1,2,3,3,3,4,5,1,3,4,4,5,1,3,1,4,4,4,2,5,1,4,5,5,3,3,2,1,5,5,5,2,2,4,2,3,4,1,3,3,1,3,1,3,4,1,4,1,5,5,2,5,3,3,3,3,1,1,5,2,3,1,1,2,5,5,2,3,3,5,2,3,1,3,5,3,3,2,2,4,5,1,5,5,2,3,2,2,3,3,1,4,5,4,4,5,1,2,4,4,1,2,2,5,3,2,1,5,1,2,5,3,3,4,3,2,4,4,1,2,2,2,3,2,2,5,5,3,4,1,2,5,4,4,4,4,2,2,2,5,5,5,4,1,5,4,2,4,4,5,4,4,1,3,4,3,5,4,1,4,2,3,1,1,5,4,2,2,3,5,2,5,4,4,4,5,4,3,3,1,1,5,3,3,1,2,5,1,3,4,4,5,4,1,2,1,1,2,1,2,3,1,4,1,5,4,1,1,4,2,5,2,5,4,5,5,4,4,3,4,3,3,1,1,5,5,4,5,1,2,4,4,1,3,5,5,5,4,5,1,1,3,2,3,5,2,4,3,1,3,4,2,3,5,2,3,5,5,1,1,2,4,3,5,3,5,4,5,3,5,5,3,5,3,3,3,5,3,4,3,3,5,3,5,2,5,2,4,4,2,4,4,5,5,4,5,5,1,5,1,5,2,2,4,3,4,5,2,1,5,2,2,4,3,2,2,2,5,1,4,5,1,3,3,2,5,5,4,4,2,4,5,4,2,2,4,2,4,2,5,5,1,5,3,4,4,4,5,2,5,5,5,2,3,4,4,1,5,1,1,4,2,5,3,4,4,2,4,3,4,4,5,3,1,3,2,5,3,3,4,2,4,5,2,1,2,1,3,4,3,3,1,1,3,5,4,2,3,5,2,5,1,3,1,1,3,5,3,1,4,1,3,2,1,5,2,3,3,1,5,4,2,5,2,4,5,1,3,3,3,3,5,5,3,4,3,4,4,3,5,4,4,5,4,5,1,5,5,4,4,2,5,4,3,1,4,2,1,3,1,5,1,5,5,1,4,2,3,4,2,5,2,2,4,2,1,5,2,5,4,3,2,2,1,5,1,1,2,2,5,3,3,5,1,5,5,1,2,5,2,1,5,2,3,3,1,2,1,5,1,3,2,3,1,1,5,3,1,1,3,2,4,5,5,2,5,2,2,5,3,1,2,1,3,4,4,1,5,5,4,3,5,5,3,5,4,3,3,3,1,2,1,3,5,4,3,3,3,1,1,1,2,5,4,1,5,2,1,3,5,2,4,5,1,1,1,3,1,1,3,2,2,5,3,5,5,1,1,1,1,5,4,5,3,3,4,1,4,5,2,3,1,3,1,3,4,1,4,3,1,2,5,4,5,5,3,4,5,5,3,3,3,3,2,1,2,2,4,5,1,4,1,4,4,5,1,3,1,3,4,1,2,3,1,1,4,5,3,2,5,5,3,1,5,3,1,2,4,4,1,2,2,2,5,2,4,5,1,4,4,2,5,4,1,3,2,4,2,1,4,4,4,4,2,1,2,2,2,5,1,4,4,5,3,4,3,4,5,2,2,1,3,5,3,3,4,5,5,2,5,2,5,2,2,3,5,3,5,4,3,3,3,3,5,3,1,2,2,5,4,4,1,3,1,4,4,5,5,1,4,5,5,2,5,1,4,4,5,2,5,5,2,3,2,3,3,1,1,1,5,5,5,4,3,1,5,1,1,1,4,5,3,4,4,1,5,5,1,1,4,3,5,4,5,5,3,1,2,4,3,4,5,1,4,2,2,3,3,2,2,5,5,5,2,1,2,3,5,3,2,5,2,3,2,2,1,5,3,2,2,4,5,3,3,2,4,3,2,2,5,3,1,1,5,5,5,5,1,1,
1,0,1,77,1,-27877643,0,2032.0,699,0,0,0,0,3,3,3,3,3,3,3,3,0,0,4,4,0,0,0,5,5,0,0,3,3,3,3,3,1,1,1,1,1,1,1,1,0,0,4,4,0,0,0,0,5,5,5,5,5,5,5,5,5,5,5,5,5,5,0,0,0,0,0,0,0,0,0,0,0,5,5,5,5,5,5,5,5,5,5,5,5,5,5,5,5,5,5,5,5,5,5,5,5,5,5,5,5,5,5,5,5,5,5,5,5,5,5,5,5,5,5,5,5,5,5,5,5,5,5,5,5,5,5,5,5,5,5,5,5,5,5,5,5,5,5,5,5,5,5,5,5,5,5,5,5,5,5,5,5,5,5,5,5,5,5,5,5,5,5,5,5,5,5,5,5,5,2,2,2,2,2,2,2,2,2,2,4,4,4,4,4,4,4,0,0,2,2,2,2,2,2,2,2,4,4,4,4,4,0,1,1,0,3,3,3,3,3,3,3,3,3,3,0,0,4,4,4,4,4,4,4,4,4,0,1,1,1,3,3,3,3,3,3,3,0,0,0,0,4,4,4,4,4,4,4,4,4,4,4,4,0,2,2,2,2,2,0,0,3,3,3,3,3,3,3,3,3,3,3,3,1,1,1,1,0,0,0,0,0,0,4,0,0,0,0,0,5,5,5,5,5,5,5,5,5,5,5,5,5,5,5,5,5,5,5,5,0,4,4,4,4,4,4,4,4,4,0,0,1,1,1,1,1,1,1,1,1,1,1,1,1,0,0,0,0,0,0,0,5,5,5,5,5,5,5,5,5,5,0,3,3,0,0,0,5,5,5,5,5,5,5,5,5,5,5,5,5,5,5,5,3,3,3,3,3,3,3,3,3,0,0,0,0,0,0,0,0,0,0,0,2,2,2,0,0,0,0,1,0,0,0,4,0,0,0,5,5,5,5,5,5,5,5,5,5,5,5,5,0,2,2,2,2,2,0,0,4,4,4,4,4,4,4,4,4,0,2,2,2,2,2,2,2,0,0,1,1,0,3,3,0,0,0,0,0,0,0,5,5,5,5,5,5,5,5,5,5,5,4,4,4,4,0,1,1,1,1,3,5,5,5,5,5,5,5,5,5,5,5,5,5,5,5,5,5,5,5,5,5,5,5,5,5,5,5,5,5,5,5,5,5,5,5,5,5,5,5,5,5,5,5,5,5,1,1,1,1,1,1,1,1,1,0,0,2,2,2,2,0,0,0,0,2,2,2,2,2,2,2,2,2,2,2,2,0,3,3,3,4,3,3,3,3,0,1,1,0,0,0,0,3,3,3,3,3,3,3,3,0,1,1,1,1,1,1,1,0,0,0,0,0,0,0,4,4,0,5,5,5,5,5,5,5,5,5,5,5,5,5,5,5,5,5,5,5,0,3,3,3,3,1,1,1,0,4,4,0,0,0,5,5,5,5,5,5,5,5,5,5,5,5,5,5,5,5,5,5,5,5,5,5,5,5,5,5,5,5,5,5,5,5,5,5,5,5,5,5,5,5,5,5,5,5,5,5,5,5,5,5,5,5,5,5,5,5,5,5,5,5,5,5,5,5,5,0,4,4,4,4,4,
1,1,0,42,4,-241554028,0,0.0,18,0,0,0,0,0,0,0,0,0,0,0,3,0,0,0,0,0,0,3,
1,1,0,77,0,-2123781004,0,9.0,249,0,0,0,0,0,0,0,0,0,2,2,2,0,0,0,0,0,0,0,1,0,0,0,1,1,0,0,0,0,0,1,1,0,0,0,3,3,0,0,0,0,0,0,0,4,0,0,0,0,0,4,4,0,0,4,0,0,0,0,2,2,0,0,0,0,0,2,2,0,0,2,2,0,1,1,0,0,0,0,0,1,0,3,3,0,0,0,0,0,0,0,5,5,0,0,0,0,1,1,0,5,0,0,0,5,5,0,5,0,5,0,5,0,5,0,5,5,5,0,0,0,0,1,1,0,0,3,3,0,0,0,0,3,0,0,0,5,0,0,5,0,0,5,0,1,0,0,0,5,0,5,0,5,0,5,0,5,5,0,5,5,5,0,4,4,0,0,0,0,0,0,0,3,0,0,0,0,0,0,0,0,0,0,0,5,5,0,5,0,5,0,0,0,5,5,0,0,0,0,0,3,0,0,3,0,0,0,1,1,5,5,5,5,0,5,0,5,0,0,0,0,0,0,4,4,0,0,0,0,0,4,4,0,0,0,0,0,0,3,0,3,0,3,0,3,0,2,2,0,2,
1,0,1,0,3,209058131,1,40.0,463,0,0,1,1,1,1,1,1,1,1,1,1,1,1,1,1,1,1,1,1,5,0,0,5,0,0,1,1,5,1,0,5,2,5,2,2,5,2,2,5,0,0,0,2,5,2,2,5,0,0,5,1,5,1,1,5,0,0,5,0,5,5,0,5,5,0,5,0,0,5,0,0,5,0,0,5,0,5,0,0,5,0,0,5,0,0,0,0,5,0,0,5,0,0,0,0,0,0,0,0,0,0,5,5,0,0,0,0,0,0,0,0,0,0,0,5,5,0,0,0,0,0,0,0,0,0,0,0,5,5,0,0,0,0,0,0,0,0,0,0,5,0,0,5,0,5,0,0,5,0,5,5,2,5,0,0,5,0,0,5,0,0,5,0,0,0,0,5,0,0,5,0,5,0,0,5,0,0,0,0,5,0,0,5,0,0,5,0,0,0,0,5,0,0,5,0,0,5,0,0,0,0,5,0,0,5,0,0,5,0,0,0,0,5,0,0,5,0,0,5,0,5,0,0,5,0,0,5,0,0,0,0,5,0,0,5,0,5,1,1,5,1,0,5,0,0,5,0,0,5,0,0,5,0,0,5,0,0,5,0,0,5,0,0,0,0,5,0,0,5,0,0,5,0,0,5,0,0,5,0,5,0,0,5,0,0,5,0,5,0,0,5,0,0,5,0,0,0,0,0,0,0,2,2,0,0,5,5,0,5,0,0,0,0,0,0,0,0,0,0,5,0,0,0,0,0,0,0,0,0,0,0,0,0,0,0,0,2,2,2,2,2,2,0,0,5,0,0,0,0,0,0,0,0,0,0,0,0,0,1,1,1,1,1,1,1,1,1,1,0,0,0,5,5,0,0,0,0,0,1,1,1,0,5,0,0,0,0,0,0,0,0,0,0,5,0,0,0,2,2,2,2,2,2,5,5,0,0,5,0,0,0,0,5,0,0,0,0,0,0,0,0,0,0,2,2,2,2,2,2,2,0,5,0,0,0,0,0,0,0,0,0,0,0,2,2,2,2,2,0,0,0,0,0,0,0,0,5,0,0,0,0,0,0,
0,0,0,77,3,-2143023689,0,1.0,390,2,5,5,5,5,5,5,5,5,5,5,5,5,5,5,5,5,5,5,5,5,5,5,5,5,5,5,5,5,5,5,5,5,5,5,5,5,5,5,5,5,5,5,5,5,5,5,5,5,5,5,5,5,5,5,5,5,5,5,5,5,5,5,5,5,5,5,5,5,5,5,5,5,5,5,5,5,5,5,5,5,5,5,5,5,5,5,5,5,5,5,5,5,3,5,5,5,5,5,5,5,5,1,5,5,5,5,5,5,5,5,5,5,5,5,5,5,5,5,5,5,5,5,5,5,5,5,5,5,5,5,5,5,5,5,5,5,5,5,5,5,5,5,5,5,5,5,5,5,5,5,5,5,5,5,5,5,5,5,5,5,5,5,5,5,5,5,5,5,5,5,5,5,5,5,5,5,5,5,5,5,5,5,5,5,5,5,5,5,5,5,5,5,5,5,5,5,5,5,5,5,5,5,5,5,5,5,5,5,5,5,5,5,5,5,5,5,5,5,5,5,5,5,5,5,5,5,5,5,5,5,5,5,5,5,5,5,5,5,5,5,5,5,5,5,5,5,5,5,5,5,5,5,5,5,5,5,5,5,5,5,5,5,5,5,5,5,5,5,5,5,5,5,5,5,5,5,5,5,5,5,5,5,5,5,5,5,5,5,5,5,5,5,5,5,5,5,5,5,5,5,5,5,5,5,5,5,5,5,5,5,5,5,5,5,5,5,5,5,5,5,5,5,5,5,5,5,5,5,5,5,5,5,5,5,5,5,5,5,5,5,5,5,5,5,5,5,5,5,5,5,5,1,5,5,5,1,5,5,5,1,5,5,5,1,5,5,5,5,1,5,5,5,1,5,5,5,1,5,5,5,1,5,5,5,5,1,5,5,5,5,
0,1,0,77,2,-1696103740,0,14.0,442,3,4,3,5,4,2,1,1,2,5,1,3,4,3,5,5,4,1,5,1,5,2,5,4,1,5,4,5,5,1,3,2,2,5,2,3,1,1,3,3,5,5,5,2,4,1,4,2,5,3,2,5,4,2,3,4,3,2,4,4,3,5,2,2,3,4,5,3,5,1,1,5,1,4,3,5,4,1,5,1,1,1,2,5,1,4,5,1,5,4,5,5,4,5,2,4,2,3,4,3,5,1,5,3,1,1,4,5,3,4,5,5,1,5,1,1,1,2,3,4,5,1,4,5,1,3,5,5,5,1,4,5,3,2,1,2,3,4,4,1,4,5,1,5,2,1,2,3,4,5,1,2,1,4,1,3,5,2,2,5,1,2,5,4,3,1,1,5,3,2,3,2,2,3,1,1,3,5,2,1,1,5,2,1,5,4,2,2,4,3,2,1,4,3,1,5,2,5,5,1,5,1,3,1,4,1,4,5,5,2,5,1,2,2,4,3,5,2,2,1,2,3,2,2,5,5,1,5,1,1,2,5,3,5,1,5,1,1,4,2,2,4,5,4,4,5,2,3,1,3,1,3,5,2,5,2,3,2,2,2,1,5,3,5,1,1,2,3,5,2,5,5,2,2,4,2,1,2,1,5,3,1,5,2,2,5,2,4,5,5,5,4,3,3,5,1,1,1,1,1,5,4,3,2,3,3,5,3,2,2,5,2,2,5,4,4,3,4,1,1,5,5,5,3,1,3,5,1,3,1,5,2,3,1,5,4,3,3,2,2,1,3,4,1,4,3,2,3,1,1,3,1,4,2,3,5,1,1,5,5,2,5,1,5,1,2,1,5,5,3,1,2,1,2,1,1,1,2,4,3,5,1,4,4,5,2,3,4,5,1,5,5,3,2,4,1,2,2,3,4,4,4,1,3,1,5,2,3,5,4,3,1,2,5,3,3,5,2,4,3,1,3,2,5,5,4,3,3,2,1,2,2,2,4,3,2,5,2,5,2,5,1,1,
1,1,0,77,2,-1262419509,0,3016.0,689,0,0,0,0,0,0,0,0,4,4,0,4,4,0,0,0,0,0,0,0,5,0,0,0,0,5,0,0,0,0,3,3,0,0,0,0,0,0,0,0,0,0,0,0,4,0,0,5,5,0,5,0,5,0,0,0,0,0,0,0,0,0,0,0,0,0,0,0,0,0,0,0,0,0,0,0,5,5,0,5,0,0,5,5,0,0,5,0,0,0,0,3,3,3,0,0,0,0,0,0,2,2,0,0,0,0,0,0,0,0,0,0,0,0,2,2,2,2,2,2,0,0,4,4,4,4,4,0,0,0,0,1,1,1,1,0,0,0,0,0,3,3,3,0,0,0,0,3,0,0,0,0,0,2,2,0,2,0,0,0,4,4,0,0,0,3,3,0,0,0,0,3,3,0,0,0,3,0,0,4,4,4,5,5,0,5,0,0,0,5,0,5,0,0,5,0,5,5,5,5,0,5,0,5,5,0,5,5,0,5,5,0,5,5,0,5,0,5,5,0,5,0,0,5,0,5,0,5,0,5,5,0,5,5,0,1,1,1,1,0,0,0,1,1,1,1,1,0,0,0,0,0,0,5,5,0,0,0,0,0,0,0,0,0,4,4,0,0,0,5,0,0,0,0,0,0,3,3,3,0,0,0,0,0,0,0,0,3,3,0,0,0,0,0,0,0,0,0,5,0,4,4,0,0,0,4,0,0,0,0,0,5,0,0,5,0,0,0,0,0,5,0,5,0,0,0,5,0,0,0,0,0,5,0,0,5,0,5,5,0,5,0,0,5,0,5,0,0,5,0,0,5,5,0,5,5,0,4,4,4,4,4,4,0,0,0,0,2,2,2,0,0,1,1,1,1,1,1,1,0,0,0,3,3,3,3,3,3,3,3,3,0,0,0,0,0,0,0,2,2,2,0,0,0,0,0,0,0,0,4,4,0,0,0,0,0,0,0,1,1,0,0,3,3,0,0,0,0,0,2,2,2,2,2,0,0,0,0,2,2,2,2,2,0,0,0,0,4,4,4,0,0,0,1,1,1,1,1,1,0,0,0,0,0,0,0,4,4,0,0,0,2,2,2,0,0,0,0,2,2,2,2,0,0,0,0,0,0,3,3,0,0,0,0,4,0,0,0,1,1,1,1,1,1,0,0,0,0,0,0,4,4,0,5,5,0,0,0,0,0,0,0,0,5,0,0,5,0,5,0,0,5,0,5,0,5,5,0,5,0,0,5,0,0,0,5,0,5,5,0,5,5,0,5,5,0,5,0,5,5,0,5,0,5,5,0,0,0,0,0,4,4,4,4,4,0,0,0,1,1,1,1,1,1,1,3,3,3,3,3,3,3,3,0,0,0,0,0,0,2,2,2,2,2,2,2,0,0,0,0,3,3,3,0,0,1,1,0,0,0,4,4,4,4,4,4,4,0,0,0,0,0,0,0,0,3,3,3,3,3,3,3,3,3,0,0,0,0,4,4,0,0,0,0,0,0,0,0,0,0,0,0,0,0,0,0,0,0,0,0,0,2,2,2,2,0,0,2,2,2,2,2,2,0,0,0,4,4,4,4,
0,1,0,0,4,464142203,1,66.0,410,5,2,2,1,2,5,1,5,2,1,2,1,1,1,2,5,5,5,2,2,5,5,5,1,2,2,5,5,5,5,1,2,2,2,2,5,5,2,1,1,5,1,1,2,5,5,5,2,1,1,1,1,1,5,2,1,2,5,5,2,5,2,5,5,5,5,1,5,1,5,5,1,5,1,1,1,5,2,2,2,2,5,1,5,2,1,1,5,5,1,2,2,2,5,5,1,2,5,1,5,2,1,5,1,2,2,1,5,1,5,2,1,5,5,2,5,2,5,1,1,1,5,2,5,2,1,2,1,2,1,1,1,1,1,1,2,1,1,2,2,1,5,1,2,1,1,1,5,1,5,1,1,5,2,2,5,5,1,5,5,1,5,5,5,5,2,1,1,2,1,1,1,5,2,2,2,2,5,5,2,5,2,2,2,2,5,5,5,5,2,5,2,5,5,5,2,1,2,5,5,1,1,2,2,2,5,2,1,2,2,2,2,5,2,5,2,5,2,2,2,5,1,2,1,2,2,1,1,5,1,2,2,2,5,5,2,2,2,2,5,5,2,1,1,1,2,5,1,1,5,2,1,5,2,1,2,5,5,5,2,5,5,5,2,2,5,1,5,2,2,5,2,1,2,1,2,1,1,5,5,5,2,5,5,1,1,5,1,5,2,2,5,2,5,1,1,5,5,2,1,2,1,1,5,2,5,2,1,2,5,2,1,1,5,1,1,2,5,5,1,5,5,5,2,5,1,5,2,5,5,1,5,5,2,1,1,5,2,1,5,1,1,5,5,1,1,2,5,5,1,2,2,2,1,5,5,5,5,1,1,5,2,1,1,5,5,5,1,2,1,2,1,2,5,5,1,2,2,5,1,1,5,1,1,1,2,2,1,5,5,2,5,2,1,5,2,5,5,2,2,1,2,1,1,5,5,5,2,1,1,1,
0,1,0,77,3,1368367741,0,31.0,442,3,2,5,4,4,2,2,3,4,4,1,1,4,3,4,1,3,2,2,3,1,1,5,3,3,3,4,1,1,5,2,3,5,5,4,1,3,5,3,2,5,3,4,5,2,2,3,2,2,5,5,4,1,5,5,5,2,1,5,4,4,5,1,5,5,2,2,2,1,2,4,1,2,3,1,1,1,2,2,5,2,1,2,2,2,5,2,1,5,1,5,5,4,2,5,5,1,2,2,1,1,1,1,2,1,5,3,2,1,5,3,5,1,5,3,2,5,1,1,1,5,3,4,4,1,1,5,4,4,1,3,5,1,2,3,5,4,1,5,1,4,1,2,1,1,2,2,2,2,4,5,2,3,1,2,5,2,5,5,5,4,4,4,2,3,3,1,5,2,5,1,4,5,3,5,2,2,5,5,5,3,5,2,1,5,1,1,5,5,5,1,3,3,3,4,3,4,5,5,1,3,1,1,3,1,3,2,5,2,5,2,4,3,2,5,4,1,1,3,2,1,5,2,4,2,4,4,5,4,3,3,1,5,5,1,1,3,5,4,4,3,2,3,1,1,3,1,2,5,2,4,5,1,1,2,1,2,5,4,2,5,3,5,2,5,1,5,5,5,5,3,5,1,2,5,3,3,5,2,5,5,5,4,5,2,3,5,5,1,5,5,4,5,2,4,1,4,4,2,2,1,5,4,2,3,2,4,5,5,5,2,4,5,4,3,4,3,3,2,5,5,2,3,3,2,1,2,2,5,4,5,5,5,5,4,4,4,5,1,3,5,4,4,1,1,5,3,2,4,3,2,3,4,4,3,5,5,5,3,4,1,5,4,4,2,4,1,2,3,2,4,3,2,4,1,2,4,2,3,5,3,1,2,1,5,2,2,1,5,2,2,2,3,3,5,5,2,5,3,4,3,3,1,2,5,3,2,3,2,5,3,1,4,3,4,4,1,4,1,2,1,2,2,2,5,4,5,5,5,5,5,5,3,5,5,4,2,4,1,2,1,1,2,
0,2,1,42,4,-1803712891,1,1.0,137,1,1,2,1,2,2,3,1,1,4,2,3,2,2,2,2,2,3,4,3,1,2,1,2,2,2,3,2,1,2,1,4,3,2,1,3,4,3,4,4,1,2,3,3,1,2,2,4,3,1,4,1,4,1,3,2,3,4,3,1,4,3,3,2,1,4,3,2,1,4,4,1,2,1,1,4,3,4,3,3,2,4,1,1,1,4,4,3,1,2,1,3,2,2,3,1,2,2,3,1,2,1,4,2,1,4,1,4,4,2,2,3,1,1,1,3,2,4,1,2,2,3,4,1,3,1,2,3,4,3,3,3,1,1,1,1,1,3,
1,1,0,0,0,-1618522957,1,41.0,548,0,0,0,0,0,1,1,1,0,1,0,1,1,0,0,0,0,5,0,5,0,0,0,5,5,0,5,0,5,0,5,0,0,5,0,5,0,0,5,0,0,5,2,2,2,0,2,2,2,0,2,0,2,2,2,2,0,0,5,0,0,0,0,5,0,5,0,5,0,5,0,0,5,0,5,0,0,5,0,1,1,0,5,0,0,0,0,2,2,2,0,0,0,0,5,0,0,0,0,5,5,0,5,0,0,5,0,5,5,0,5,0,0,5,0,5,0,5,5,0,5,0,0,0,0,5,0,0,0,0,5,0,5,0,5,0,5,0,5,5,0,5,0,5,5,0,5,0,0,5,0,0,5,0,0,5,0,0,5,0,5,5,0,5,5,0,5,0,0,5,0,0,5,0,0,5,0,0,5,0,5,5,0,5,5,0,5,0,0,5,0,5,0,0,2,2,2,0,0,0,0,0,0,0,0,0,1,1,0,1,1,0,0,5,5,5,5,0,5,0,0,5,0,0,5,0,0,5,0,0,5,0,0,0,0,0,5,0,0,5,0,0,5,5,0,0,5,0,1,1,0,0,0,5,0,0,0,0,0,0,2,2,2,0,0,5,0,0,0,0,5,5,0,0,5,5,0,0,5,5,0,0,0,0,1,0,0,0,0,5,0,0,5,5,0,0,5,0,0,5,0,0,0,2,0,0,0,5,0,0,0,0,0,0,0,0,5,0,5,5,0,0,5,0,0,0,5,0,0,5,0,0,5,5,0,0,5,1,0,0,1,0,0,0,0,0,0,5,0,0,5,0,5,0,0,5,0,0,5,0,5,0,0,5,0,5,5,0,5,5,0,0,5,5,0,5,5,0,0,5,0,0,5,0,0,5,0,0,5,0,0,5,5,0,5,5,0,0,5,0,2,0,0,0,0,5,5,0,0,5,0,0,5,0,0,5,5,0,0,5,0,0,0,5,0,0,5,0,0,5,5,0,0,5,0,0,0,0,1,1,1,1,1,1,1,1,1,1,0,5,0,0,0,0,0,0,0,1,0,0,1,1,0,0,0,1,0,0,0,0,0,0,0,0,0,0,0,0,0,0,5,0,0,0,0,0,0,0,0,0,0,5,0,0,5,0,0,2,2,0,0,0,0,0,5,5,5,0,2,0,0,0,0,2,2,2,2,2,2,2,2,0,0,0,2,2,0,0,2,2,5,0,0,5,0,0,0,5,0,0,5,0,5,5,0,5,0,0,5,
0,2,1,42,1,171098185,0,0.0,127,4,1,3,4,2,4,1,1,2,2,2,2,2,4,4,4,4,4,4,2,2,4,1,4,4,1,4,1,2,2,2,4,4,2,4,4,3,4,3,4,4,4,1,2,3,4,4,1,4,2,2,4,3,1,2,2,3,4,4,4,2,4,3,2,1,2,2,1,2,4,1,4,4,3,2,4,2,2,2,2,1,4,4,4,4,2,1,4,1,2,4,3,4,4,2,2,4,2,2,1,1,2,3,2,4,2,2,4,4,4,4,1,4,4,2,4,3,2,2,4,4,4,2,4,2,2,3,1,
0,0,0,77,2,2117552348,0,0.0,442,5,5,5,5,5,5,5,5,5,5,5,5,5,5,5,5,5,5,5,5,5,5,5,5,5,5,5,5,5,5,5,5,5,5,5,5,5,5,5,5,5,5,5,5,5,5,5,5,5,5,5,5,5,5,5,5,5,5,5,5,5,5,5,5,5,5,5,5,5,5,5,5,5,5,5,5,5,5,5,5,5,5,5,5,5,5,5,5,5,5,5,5,5,5,5,5,5,5,5,5,5,5,5,5,5,5,5,5,5,5,5,5,5,5,5,5,5,5,5,5,5,5,5,5,5,5,5,5,5,5,5,5,5,5,5,5,5,5,5,5,5,5,5,5,5,5,5,5,5,5,5,5,5,5,5,5,5,5,5,5,5,5,5,5,5,5,5,5,5,5,5,5,5,5,5,5,5,5,5,5,5,5,5,5,5,5,5,5,5,5,5,5,5,5,5,5,5,5,5,5,5,5,5,5,5,5,5,5,5,5,5,5,5,5,5,5,5,5,5,5,5,5,5,5,5,5,5,5,5,5,5,5,5,5,5,5,5,5,5,5,5,5,5,5,5,5,5,5,5,5,5,5,5,5,5,5,5,5,5,5,5,5,5,5,5,5,5,5,5,5,5,5,5,5,5,5,5,5,5,5,5,5,5,5,5,5,5,5,5,5,5,5,5,5,5,5,5,5,5,5,5,5,5,5,5,5,5,5,5,5,5,5,5,5,5,5,5,5,5,5,5,5,5,5,5,5,5,5,5,5,5,5,5,5,5,5,5,5,5,5,5,5,5,5,5,5,5,5,5,5,5,5,5,5,5,5,5,5,5,5,5,5,5,5,5,5,5,5,5,5,5,5,5,5,5,5,5,5,5,5,5,5,5,5,5,5,5,5,5,5,5,5,5,5,5,5,5,5,5,5,5,5,5,5,5,5,5,5,5,5,5,5,5,5,5,5,5,5,5,5,5,5,5,5,5,5,5,5,5,5,5,5,5,5,5,5,5,5,5,5,5,5,5,
0,1,0,42,2,-874527242,0,0.0,2000,4,4,1,4,1,2,1,2,4,2,4,1,2,1,2,1,4,4,1,1,4,2,2,2,2,4,1,3,4,4,4,1,1,2,2,1,4,1,1,4,2,1,3,2,2,1,4,3,4,4,1,1,1,1,2,2,3,4,3,4,4,3,4,1,4,1,1,4,4,1,1,2,2,1,4,1,3,4,4,2,1,4,4,2,1,4,4,4,1,1,1,1,4,1,4,1,4,2,2,4,2,2,2,1,2,4,4,4,2,1,2,2,2,2,1,4,2,2,4,1,1,1,2,2,4,3,3,1,1,4,4,2,2,1,1,1,1,4,2,1,1,2,4,4,3,4,4,1,1,4,2,1,1,4,2,2,1,1,3,4,2,3,2,1,2,1,3,4,4,3,1,1,4,3,4,2,3,4,1,4,2,4,2,4,4,2,2,2,3,4,2,1,1,1,1,4,2,3,4,2,2,2,2,1,1,2,4,4,1,1,2,4,1,1,1,2,4,1,4,2,1,1,4,1,4,2,4,1,1,2,2,1,2,2,4,1,2,4,4,2,1,2,4,4,1,2,2,1,1,1,2,2,4,3,4,1,4,4,2,2,4,4,2,4,4,1,4,2,4,4,1,1,4,2,2,1,1,1,2,4,1,2,4,1,2,2,4,2,2,4,2,1,1,3,1,4,1,4,2,4,2,2,4,1,1,3,1,2,1,4,2,1,4,1,1,1,2,4,3,4,4,4,2,1,1,2,2,1,1,1,1,3,1,4,1,2,4,4,1,2,4,2,4,4,2,1,4,2,1,3,1,3,4,2,4,3,1,4,2,2,4,2,2,4,4,4,1,2,1,2,1,2,2,1,1,2,2,1,1,1,1,4,2,2,4,1,2,4,1,1,4,1,4,4,4,1,1,4,1,4,1,2,4,1,4,1,1,1,2,1,1,2,1,4,1,2,1,4,4,2,2,3,4,1,4,2,4,1,2,4,2,1,2,3,4,1,4,1,4,2,4,4,2,2,1,1,1,1,4,2,4,2,4,2,1,2,4,4,1,2,1,3,4,2,1,2,4,1,4,1,2,2,4,4,1,4,3,4,2,1,4,1,4,4,1,1,4,2,3,1,4,4,4,1,1,1,4,1,2,1,1,1,2,3,2,2,1,1,3,1,2,1,4,4,1,1,2,2,1,2,4,4,3,4,2,1,4,1,4,1,2,2,4,1,2,4,1,4,4,2,1,2,1,4,1,4,1,4,2,1,1,1,1,1,4,4,1,1,1,4,2,1,2,4,2,2,1,4,4,2,4,1,2,2,1,2,4,2,2,4,2,2,1,4,2,2,1,1,2,1,4,1,3,4,2,4,3,1,3,2,4,2,4,1,2,2,2,2,1,3,4,2,1,1,1,3,4,1,4,2,4,3,4,3,4,4,3,4,1,4,2,1,2,2,2,4,2,2,2,2,2,2,2,2,4,2,4,3,4,4,2,4,2,2,2,4,1,1,1,1,1,2,4,4,2,4,1,1,2,1,2,2,4,4,2,1,3,4,3,4,1,4,2,2,2,4,2,1,2,2,2,1,1,2,3,1,2,2,4,1,2,4,2,4,4,1,1,3,4,1,2,2,1,2,1,2,4,1,2,2,1,2,4,2,1,2,2,1,2,4,2,4,2,2,2,1,4,2,1,2,2,2,4,4,1,2,1,1,1,4,2,1,4,1,2,4,2,4,4,1,4,2,4,2,1,2,2,4,1,2,4,4,4,2,4,4,4,2,2,4,1,4,2,1,1,4,2,4,2,4,3,4,4,2,2,4,2,1,1,2,2,2,3,1,2,2,1,2,1,4,3,4,1,1,4,1,1,4,4,1,2,3,4,2,4,3,3,4,4,2,2,4,2,3,4,4,4,3,1,1,4,4,4,2,3,2,4,4,3,2,1,1,1,4,1,1,1,3,2,2,4,2,2,1,2,2,2,2,2,1,1,1,1,2,4,4,4,1,1,2,4,1,2,4,1,2,2,1,2,1,2,4,4,4,4,2,1,2,2,1,2,2,2,1,1,1,1,4,2,1,1,2,1,4,2,2,1,1,1,1,2,4,4,4,2,2,4,1,3,4,4,1,1,1,1,1,1,2,2,4,1,1,1,4,4,1,2,1,4,2,2,2,4,1,1,1,2,2,3,4,1,2,2,4,1,4,4,2,2,1,2,1,4,1,4,1,1,1,4,1,2,2,1,4,2,2,2,1,2,1,4,1,2,4,1,4,2,4,4,4,2,1,4,4,2,2,2,1,2,4,1,1,2,3,4,4,4,1,4,4,3,1,1,1,4,2,1,1,4,4,4,3,2,1,4,4,1,3,2,1,2,4,1,4,1,3,1,2,2,4,4,3,1,4,3,4,3,1,4,4,2,4,1,2,2,2,1,4,2,4,1,4,1,2,2,1,1,4,1,2,2,2,3,4,2,2,1,1,2,2,2,4,2,2,2,4,4,1,4,2,2,1,2,1,2,4,1,1,2,4,1,2,4,4,2,2,4,2,2,1,4,2,2,1,4,2,1,1,2,2,2,4,2,2,2,4,2,1,1,3,4,2,4,4,2,2,2,4,1,1,1,2,3,2,1,1,1,2,2,4,1,1,1,1,4,1,1,1,1,4,4,2,1,1,2,1,1,3,4,1,3,4,2,4,1,2,2,2,4,2,1,2,4,2,2,2,1,1,1,4,4,4,4,1,1,3,2,1,1,1,1,1,2,1,4,2,1,1,2,2,3,2,1,4,3,1,4,4,2,4,2,4,2,2,4,2,2,2,1,1,2,4,1,4,4,1,1,2,2,1,4,1,2,2,1,1,2,2,4,4,1,4,2,2,4,4,2,1,1,2,4,2,2,1,2,2,2,1,2,1,2,2,2,4,2,4,2,2,1,1,1,4,1,4,2,1,2,3,2,1,4,2,2,1,4,2,4,1,4,4,3,1,2,1,4,1,1,4,2,3,1,1,2,2,3,4,3,4,4,1,1,3,2,1,4,4,4,1,1,1,4,1,3,1,3,4,3,2,4,3,1,1,4,1,4,3,2,1,4,3,4,2,1,1,3,4,1,3,1,2,1,4,1,2,4,1,1,2,3,4,2,4,1,3,2,1,2,3,1,4,4,4,3,1,1,1,2,2,2,1,1,1,2,2,4,4,3,4,1,2,2,1,2,2,1,2,4,2,4,2,2,2,3,4,2,2,4,4,2,1,1,2,2,2,2,1,1,1,1,2,2,2,4,4,4,1,4,4,1,2,2,1,2,3,1,4,3,1,2,2,4,1,1,1,1,2,3,4,1,4,4,3,4,4,1,3,1,2,2,1,4,4,1,2,4,4,4,2,2,1,1,2,2,3,2,2,1,1,1,4,2,4,1,1,2,4,3,2,4,2,2,2,2,4,2,2,1,2,1,4,4,1,4,2,1,1,1,1,1,1,4,4,1,1,1,4,4,1,2,3,1,2,1,3,4,4,1,3,4,4,1,3,1,1,2,4,1,1,4,1,3,2,1,2,4,3,2,4,4,2,4,1,2,1,2,1,2,1,4,1,2,1,2,4,2,1,2,4,2,4,4,2,2,4,4,2,4,2,4,2,1,2,4,4,2,1,2,1,1,2,4,1,1,1,2,2,4,2,2,1,2,4,2,1,4,4,4,1,1,1,1,1,1,1,1,1,1,2,1,2,4,2,4,2,4,2,4,2,1,1,1,4,4,2,2,1,1,2,1,2,4,1,1,2,1,2,2,4,2,4,1,4,3,1,2,4,1,1,4,3,1,4,1,2,2,1,3,1,1,1,1,2,2,1,2,4,4,1,1,3,4,3,2,4,4,1,2,2,1,1,1,1,4,2,2,1,4,2,4,4,1,4,3,4,2,3,4,2,4,2,4,4,1,1,4,1,1,4,3,3,4,1,1,1,2,1,4,2,4,4,3,4,1,1,4,1,2,2,4,4,1,1,2,4,1,1,4,1,4,4,4,2,2,2,1,4,4,2,2,2,4,1,4,4,2,4,1,4,1,2,4,4,2,4,2,4,4,1,2,2,4,2,1,1,4,2,3,4,4,1,3,3,4,2,2,1,4,2,1,1,4,4,4,2,1,1,4,1,1,2,3,2,1,4,1,3,1,2,3,4,4,1,3,1,4,2,3,1,4,2,4,3,1,1,1,2,2,4,4,4,1,2,2,1,1,2,2,3,2,2,1,1,4,2,1,1,2,1,3,2,3,4,4,1,2,4,2,4,1,3,1,4,4,1,3,1,1,2,1,1,4,1,3,1,1,1,3,3,3,3,3,3,3,4,2,2,3,3,3,3,4,1,1,1,2,2,4,4,2,4,1,1,1,1,1,1,1,1,2,1,2,1,2,2,2,1,4,1,1,1,2,2,2,4,2,2,2,1,4,1,1,1,3,4,4,1,4,1,2,4,2,1,4,2,1,4,1,2,2,1,2,2,2,4,2,4,1,3,4,2,2,2,2,4,1,4,1,3,4,1,1,
1,0,1,77,4,-1362158109,0,7.0,237,0,0,0,0,3,3,3,3,3,3,3,3,3,0,0,2,2,2,2,2,2,2,2,0,4,4,0,5,5,5,5,5,5,5,5,5,5,5,3,3,3,3,3,0,0,4,4,5,5,5,5,5,5,5,5,5,5,5,5,5,1,1,1,1,1,0,0,0,0,0,0,0,5,5,5,5,5,5,5,5,5,5,5,5,5,0,0,0,0,0,0,0,0,0,0,0,0,4,4,0,0,0,0,3,3,3,3,3,0,0,4,0,5,5,5,5,5,5,5,5,5,5,5,5,5,5,5,5,5,5,5,5,5,5,5,5,4,4,4,4,4,4,4,4,4,4,0,1,1,1,1,1,1,1,1,0,0,0,3,3,3,3,3,3,3,3,3,1,1,1,1,1,1,4,4,4,4,4,4,4,0,0,0,0,0,0,0,0,0,2,2,2,2,2,2,2,2,2,2,2,2,2,2,0,0,0,0,0,0,0,0,0,0,0,2,2,2,2,0,0,0,0,0,0,0,0,0,0,0,0,0,0,0,0,0,3,3,3,
1,0,1,42,0,1881464977,0,0.0,51,0,0,0,0,2,2,0,2,0,2,2,0,0,0,0,0,1,1,0,0,0,2,2,2,0,0,0,0,0,0,0,0,0,0,0,1,0,0,0,3,3,0,0,0,3,3,0,0,0,0,0,2,
1,0,1,77,2,1114904835,1,4019.0,1000,0,0,0,0,3,3,3,3,3,3,3,0,1,1,1,0,0,2,2,2,2,2,2,2,0,0,4,4,0,0,5,5,5,5,5,5,5,5,5,5,5,5,5,5,5,5,5,5,5,5,5,5,5,5,5,5,0,1,1,1,1,1,1,1,1,1,1,0,3,3,3,0,0,0,0,0,2,2,2,2,0,4,4,4,4,4,4,4,4,4,4,4,4,0,0,0,2,2,2,2,2,2,2,3,3,3,3,3,3,0,2,2,2,2,2,2,4,4,4,4,4,4,4,4,4,4,0,1,1,1,1,1,1,1,1,1,1,1,1,1,1,1,0,3,3,5,5,5,5,5,5,5,5,5,5,5,5,5,1,1,1,3,3,3,3,3,3,3,3,3,3,3,3,3,0,2,2,2,2,2,2,2,2,2,2,0,4,4,0,5,5,5,5,5,5,5,5,5,5,5,5,5,5,5,5,5,5,5,5,5,5,5,5,5,5,5,5,5,4,4,4,4,4,4,4,0,1,1,1,1,1,1,1,1,1,0,0,2,2,2,2,2,2,2,2,2,2,2,2,2,0,0,1,1,1,1,1,1,1,1,1,1,1,1,1,3,5,5,5,5,5,5,5,5,5,5,5,5,5,2,2,2,2,2,2,2,2,0,0,0,0,0,0,0,0,0,0,0,0,1,1,1,1,1,1,1,1,0,0,2,2,2,2,2,2,2,2,2,2,0,0,0,0,0,2,2,2,0,0,0,2,0,0,0,0,0,0,0,5,5,5,5,3,3,0,0,1,1,0,3,3,3,3,3,3,3,3,3,1,1,1,1,1,0,0,4,4,5,5,5,5,5,5,5,5,5,5,5,0,4,4,4,4,4,4,4,4,4,4,0,0,2,2,2,2,2,2,2,2,2,2,0,0,1,1,1,1,1,1,1,0,0,0,0,0,2,2,2,2,0,3,3,3,3,3,3,1,0,3,3,3,3,3,3,3,3,1,1,1,1,1,1,1,1,1,1,1,1,1,1,1,1,1,1,1,1,1,0,2,2,2,2,2,2,2,2,2,0,4,0,0,0,4,4,4,0,1,1,1,1,1,1,1,1,1,0,2,2,2,2,2,2,3,3,3,3,3,0,0,2,2,2,2,0,0,0,0,0,0,0,1,1,1,1,1,1,1,0,2,2,2,0,0,0,0,0,4,0,0,2,2,2,0,4,4,0,5,5,5,5,5,5,5,5,5,5,5,5,5,5,2,2,2,2,2,2,2,2,2,0,0,3,3,3,1,1,1,1,1,1,1,1,1,1,1,1,1,2,2,2,2,2,2,2,2,2,2,2,2,2,2,0,0,1,1,1,1,1,1,1,1,1,0,0,0,0,4,5,5,5,5,5,5,5,5,5,5,5,5,5,5,5,5,5,5,5,2,2,2,2,2,2,2,0,0,4,4,5,5,5,5,5,5,2,2,2,2,2,2,0,0,0,0,0,0,0,0,1,1,1,1,1,1,0,0,5,5,5,5,5,5,5,5,5,4,4,5,5,5,5,5,5,5,5,5,5,5,5,5,5,1,1,1,1,1,1,0,4,4,5,5,5,5,5,5,5,5,5,5,5,2,2,2,2,0,4,4,4,4,4,4,4,4,4,0,0,1,1,1,1,1,0,0,3,3,3,3,3,3,3,3,3,3,3,3,3,0,0,0,1,1,1,1,1,1,0,0,4,0,5,5,5,5,5,5,5,5,5,5,5,5,5,1,1,1,1,1,4,4,5,5,5,5,5,5,5,5,5,5,5,2,2,2,2,2,4,4,4,4,4,4,4,4,0,1,1,1,1,1,1,1,1,1,2,2,2,2,2,2,2,2,2,2,2,2,2,2,2,2,0,0,0,0,0,0,2,2,2,2,2,0,1,1,1,1,1,1,1,1,1,1,1,1,1,1,0,2,2,2,2,2,2,2,2,2,2,2,2,2,0,1,1,1,1,1,1,1,1,1,1,1,1,2,2,2,2,2,2,2,3,3,3,3,3,3,3,3,3,3,3,3,0,0,1,1,1,1,1,0,0,4,4,0,5,5,5,5,5,5,5,5,5,5,5,2,2,4,4,4,0,0,0,0,0,3,3,3,0,1,1,1,1,1,1,1,1,1,0,0,0,3,3,3,0,0,4,4,4,4,4,4,4,4,4,0,2,2,2,2,2,2,2,2,2,0,0,0,0,3,3,3,3,3,3,3,3,3,3,3,3,3,3,0,0,1,1,1,1,1,1,2,
0,2,1,0,0,1742427912,1,71.0,547,5,2,2,5,5,1,5,1,1,5,1,1,5,2,1,5,1,5,5,2,2,5,2,1,5,1,2,1,5,5,1,5,5,2,5,2,2,5,5,2,2,2,5,5,2,5,5,5,1,1,5,1,2,5,2,5,5,1,1,5,1,5,2,2,2,2,2,2,2,2,5,2,5,2,5,2,5,2,5,5,5,1,1,5,5,1,5,2,1,5,5,5,2,5,1,2,5,2,5,2,2,1,1,5,1,1,5,1,5,2,1,1,5,5,2,2,2,2,2,5,5,2,2,5,5,2,1,1,1,2,2,2,1,1,2,1,2,5,5,2,5,2,5,1,5,1,2,2,5,1,1,2,2,5,5,2,1,2,1,1,1,2,5,2,2,5,1,2,1,1,1,2,5,1,5,1,2,1,5,2,1,1,5,2,2,1,2,2,2,2,5,1,2,1,2,2,5,2,5,2,1,5,5,5,5,5,5,2,5,5,1,1,1,2,2,5,1,5,1,2,5,1,1,5,1,5,1,1,5,5,2,1,1,1,5,1,1,5,1,2,1,1,5,5,1,5,5,1,2,5,5,5,5,5,5,1,2,2,1,5,2,1,5,5,2,5,5,2,5,5,1,5,2,2,5,5,1,1,1,5,5,2,2,5,5,2,2,2,2,1,1,1,5,5,1,5,1,2,2,5,5,5,1,2,5,1,1,5,2,5,1,5,5,2,1,1,1,2,5,1,5,5,1,5,1,5,1,5,1,2,5,5,2,2,1,2,1,5,2,2,1,2,5,5,1,2,5,1,2,5,1,2,1,5,2,5,1,5,5,5,2,2,1,5,2,5,2,2,2,5,1,1,2,5,1,5,2,1,1,2,5,1,5,5,5,2,1,2,2,1,2,5,1,2,5,1,2,1,5,2,5,1,1,2,1,1,5,2,1,1,1,2,5,1,1,5,5,1,5,5,2,5,2,1,2,2,2,5,5,5,2,2,2,2,5,1,2,2,2,1,1,2,5,1,2,2,1,5,1,5,5,2,1,2,2,2,5,2,2,2,5,5,2,1,2,2,1,2,5,5,1,2,1,1,5,5,1,5,2,1,1,5,5,1,2,2,1,1,1,5,2,5,5,5,1,5,1,1,5,5,5,5,2,1,2,2,5,1,1,1,2,5,5,2,2,1,5,1,2,1,2,1,2,5,5,1,2,2,1,5,2,5,1,2,5,2,1,1,1,1,1,5,5,1,2,1,1,2,
0,0,0,77,1,284350743,0,0.0,442,5,5,5,5,5,5,5,5,5,5,5,5,5,5,5,5,5,5,5,5,5,5,5,5,5,5,5,5,5,5,5,5,5,5,5,5,5,5,5,5,5,5,5,5,5,5,5,5,5,5,5,5,5,5,5,5,5,5,5,5,5,5,5,5,5,5,5,5,5,5,5,5,5,5,5,5,5,5,5,5,5,5,5,5,5,5,5,5,5,5,5,5,5,5,5,5,5,5,5,5,5,5,5,5,5,5,5,5,5,5,5,5,5,5,5,5,5,5,5,5,5,5,5,5,5,5,5,5,5,5,5,5,5,5,5,5,5,5,5,5,5,5,5,5,5,5,5,5,5,5,5,5,5,5,5,5,5,5,5,5,5,5,5,5,5,5,5,5,5,5,5,5,5,5,5,5,5,5,5,5,5,5,5,5,5,5,5,5,5,5,5,5,5,5,5,5,5,5,5,5,5,5,5,5,5,5,5,5,5,5,5,5,5,5,5,5,5,5,5,5,5,5,5,5,5,5,5,5,5,5,5,5,5,5,5,5,5,5,5,5,5,5,5,5,5,5,5,5,5,5,5,5,5,5,5,5,5,5,5,5,5,5,5,5,5,5,5,5,5,5,5,5,5,5,5,5,5,5,5,5,5,5,5,5,5,5,5,5,5,5,5,5,5,5,5,5,5,5,5,5,5,5,5,5,5,5,5,5,5,5,5,5,5,5,5,5,5,5,5,5,5,5,5,5,5,5,5,5,5,5,5,5,5,5,5,5,5,5,5,5,5,5,5,5,5,5,5,5,5,5,5,5,5,5,5,5,5,5,5,5,5,5,5,5,5,5,5,5,5,5,5,5,5,5,5,5,5,5,5,5,5,5,5,5,5,5,5,5,5,5,5,5,5,5,5,5,5,5,5,5,5,5,5,5,5,5,5,5,5,5,5,5,5,5,5,5,5,5,5,5,5,5,5,5,5,5,5,5,5,5,5,5,5,5,5,5,5,5,5,5,5,5,5,
1,1,0,42,3,-1970743436,0,0.0,51,0,1,1,1,1,1,1,1,1,1,0,0,0,0,2,0,0,0,0,2,2,0,2,2,2,0,0,0,0,0,0,0,0,0,0,3,0,0,3,0,3,0,0,0,0,0,2,2,0,0,3,3,
0,2,1,0,2,1037650778,1,74.0,485,5,5,5,2,5,5,5,2,5,2,5,5,5,1,5,5,5,5,2,2,5,2,5,2,2,2,5,2,5,5,5,2,5,5,2,5,2,5,1,1,5,5,2,5,5,2,5,5,1,1,1,1,5,1,5,5,1,2,1,5,2,5,2,5,1,5,5,5,1,5,2,5,5,5,1,1,5,2,5,2,2,2,2,1,5,1,2,5,1,2,5,5,2,2,1,2,2,5,5,1,2,2,1,5,5,2,2,2,5,2,5,2,5,1,2,5,1,1,1,1,5,5,1,2,1,5,5,2,1,5,1,1,2,2,1,2,2,5,2,1,5,5,1,1,5,2,2,5,5,5,2,1,1,2,5,2,5,1,1,1,1,2,1,2,5,2,1,2,5,1,5,1,2,2,1,1,5,5,5,5,1,5,1,5,2,5,5,1,5,2,2,1,5,2,5,5,5,5,2,5,5,5,2,5,2,5,2,5,5,2,2,1,5,5,1,2,5,2,1,1,5,5,2,5,5,2,1,2,1,2,1,1,5,2,1,2,5,5,1,2,2,1,1,2,1,1,2,2,1,1,2,1,2,2,1,2,2,5,5,1,2,2,5,1,1,2,1,2,1,2,2,5,1,1,2,5,2,5,5,1,1,2,5,5,5,1,5,5,1,2,2,5,5,1,1,1,5,2,1,1,1,1,1,5,1,2,1,5,2,5,5,1,5,1,1,1,5,1,5,1,1,1,5,1,5,5,5,5,1,5,5,1,1,1,5,2,2,2,2,1,5,5,5,1,5,2,5,2,5,2,2,2,5,2,2,2,1,5,5,1,1,5,1,5,5,2,5,1,1,2,1,1,2,5,1,5,1,2,5,2,1,5,1,1,1,1,1,1,5,1,1,5,1,1,5,5,5,2,5,5,2,2,5,5,2,5,1,1,1,2,2,1,5,1,5,5,2,5,5,2,5,2,5,1,5,2,1,2,5,1,1,1,1,2,5,2,1,1,1,5,5,1,1,1,1,1,1,2,2,2,2,2,5,2,5,5,5,1,2,5,2,2,1,1,5,2,2,1,1,2,1,5,5,2,2,2,1,5,2,5,2,2,2,1,2,2,
0,1,0,0,3,-8021304,1,40.0,529,5,1,1,5,2,5,1,1,1,1,1,2,2,5,5,2,5,2,2,5,5,2,1,1,5,5,2,5,5,5,2,5,1,5,5,1,5,1,2,1,2,5,1,1,1,2,5,1,2,2,1,5,2,2,2,5,1,2,5,5,5,5,1,2,2,1,2,5,5,1,5,1,5,5,5,1,5,1,2,2,2,2,5,1,1,5,2,5,1,5,2,2,2,2,5,2,1,5,2,5,5,1,1,5,1,1,5,1,5,1,5,5,1,5,5,1,1,5,2,2,1,1,2,1,2,1,2,5,5,2,2,5,2,5,5,2,5,1,2,5,5,5,2,1,5,2,1,2,2,1,5,5,2,2,1,1,2,5,5,5,2,1,5,5,1,2,2,2,5,1,1,1,5,2,1,1,5,1,1,5,1,1,2,2,1,1,1,1,5,1,1,5,2,1,1,5,5,5,1,1,2,2,5,5,5,1,5,1,1,2,1,1,2,5,5,5,5,5,2,2,1,5,5,5,2,5,2,1,2,1,1,2,2,2,2,5,2,2,1,5,1,5,5,1,2,2,5,1,5,1,2,2,5,2,1,1,2,1,1,2,5,1,5,2,1,5,5,2,1,2,5,2,1,5,5,5,5,5,1,1,5,5,1,2,5,5,5,5,5,5,1,5,5,5,5,2,2,1,2,5,2,5,1,2,5,5,2,5,5,5,1,2,2,2,1,2,2,1,2,1,5,5,5,5,5,1,2,2,5,2,1,5,1,5,1,5,5,5,5,5,1,2,1,2,2,1,2,1,5,2,2,1,1,5,5,2,5,1,2,2,2,5,1,2,2,1,2,5,2,5,5,5,5,2,5,2,1,1,2,5,1,2,5,5,2,2,2,2,1,1,5,1,2,5,5,5,5,1,1,2,5,1,1,1,2,5,1,5,5,2,2,5,1,1,1,2,1,2,5,2,5,2,5,5,2,2,5,5,2,2,1,2,2,2,2,2,2,5,1,1,1,5,1,2,5,2,5,1,1,1,1,2,2,5,5,1,5,1,5,5,5,5,2,2,2,5,1,2,5,5,5,5,1,1,5,5,1,5,1,2,5,5,1,5,5,1,1,2,1,5,2,5,5,1,5,1,2,2,5,5,1,1,1,2,1,1,1,1,2,1,5,5,2,1,5,5,2,2,5,2,5,2,2,2,5,5,5,1,5,2,
1,1,0,42,0,-116701710,0,0.0,27,0,0,0,0,0,0,2,2,0,0,0,0,0,0,0,0,1,1,0,0,0,0,1,0,0,0,0,3,
1,0,1,42,4,-1426578946,0,0.0,19,0,0,0,0,0,0,0,0,0,0,0,0,1,1,0,0,0,0,3,3,
0,2,1,42,3,1144777380,1,1.0,376,2,1,2,1,2,1,4,4,4,2,4,4,2,1,1,3,4,4,1,1,4,1,4,4,4,1,3,2,4,2,1,3,4,4,3,4,2,2,1,4,2,2,3,3,2,3,2,1,4,4,4,3,3,4,4,4,1,4,2,1,1,4,2,2,2,4,2,1,1,1,1,4,1,1,1,4,4,2,4,1,4,4,1,4,2,2,1,2,4,2,4,1,4,4,2,1,4,1,1,2,1,2,4,4,2,2,2,1,4,1,1,2,4,2,1,1,1,4,4,4,2,2,1,2,4,4,1,1,4,4,2,2,2,4,4,1,1,1,1,1,2,2,4,1,4,1,2,1,1,2,4,2,4,2,4,1,2,1,1,4,1,1,1,1,2,3,4,1,4,2,1,2,4,1,2,4,4,2,2,2,2,4,2,1,2,1,3,3,3,4,3,2,4,2,4,4,2,1,1,2,4,2,2,2,4,1,4,1,4,4,4,4,1,4,2,2,2,1,4,4,1,2,1,2,2,2,1,1,1,1,4,2,1,2,2,1,1,2,4,1,4,1,2,4,1,1,2,1,1,2,4,1,1,2,4,4,2,4,4,2,1,4,1,4,4,4,4,1,4,4,4,4,1,1,2,1,2,1,4,4,1,1,1,1,4,4,1,4,4,4,2,4,1,4,2,4,1,1,4,1,2,2,4,1,4,1,1,2,4,1,3,1,1,3,1,2,2,3,3,3,2,2,1,3,3,3,4,3,2,2,2,2,1,1,4,2,3,2,4,3,3,1,2,1,3,2,4,3,4,3,2,2,4,3,2,3,4,2,1,3,3,3,2,4,3,4,1,2,1,1,2,3,2,2,3,2,3,
0,0,0,42,4,124162157,0,0.0,2000,1,1,2,1,2,1,2,1,2,1,2,1,2,1,2,1,1,2,1,2,1,2,1,2,1,2,1,2,1,1,2,1,2,1,2,1,2,1,2,1,2,1,2,1,1,2,1,2,1,2,1,2,1,2,1,2,1,1,2,1,2,1,2,1,2,1,2,1,2,1,2,1,1,2,1,2,1,2,1,2,1,2,1,2,1,1,2,1,2,1,2,1,2,1,2,1,2,1,2,1,1,2,1,2,1,2,1,2,1,2,1,2,1,1,2,1,2,1,2,1,2,1,2,1,2,1,2,1,1,2,1,2,1,2,1,2,1,2,1,2,1,1,2,1,2,1,2,1,2,1,2,1,2,1,2,1,1,2,1,2,1,2,1,2,1,2,1,2,1,1,2,1,2,1,2,1,2,1,2,1,2,1,2,1,1,2,1,2,1,2,1,2,1,2,1,2,1,1,2,1,2,1,2,1,2,1,2,1,2,1,2,1,1,2,1,2,1,2,1,2,1,2,1,2,1,1,1,1,1,1,1,1,1,1,1,1,1,1,1,1,1,1,1,1,1,1,1,1,1,1,1,1,1,1,1,1,1,1,1,1,1,1,1,1,1,1,1,1,3,1,1,1,1,1,1,1,1,1,1,1,1,1,1,1,1,1,1,1,1,1,1,1,1,1,1,1,1,1,1,1,1,1,1,1,1,1,1,1,1,1,1,1,1,1,1,1,1,1,1,1,1,1,1,1,1,1,1,1,1,1,1,1,1,1,1,1,1,1,1,1,1,1,1,1,1,1,1,1,1,1,1,1,1,1,1,1,1,1,1,1,1,1,1,1,1,1,1,1,1,1,1,1,1,1,1,1,1,1,1,1,1,1,1,1,1,1,1,1,1,1,1,1,1,1,1,1,1,1,1,1,1,1,1,1,1,1,1,1,1,1,1,1,1,1,1,1,1,1,1,1,1,1,1,1,1,1,1,1,1,1,1,1,1,1,1,1,1,1,1,1,1,1,1,1,1,1,1,1,1,1,1,1,1,1,1,1,1,1,1,1,1,1,1,1,1,1,1,1,1,1,1,1,1,1,1,1,1,1,1,1,1,1,1,1,1,1,1,1,1,1,1,1,1,1,1,1,1,1,1,1,1,1,1,1,1,1,1,1,1,1,1,1,1,1,1,1,1,1,1,1,1,1,1,1,1,1,1,1,1,1,1,1,1,1,1,1,1,1,1,1,1,1,1,1,1,1,1,1,1,1,1,1,1,1,1,1,1,1,1,1,1,1,1,1,1,1,1,1,1,1,1,1,1,1,1,1,1,1,1,1,1,1,1,1,1,1,1,1,1,1,1,1,1,1,1,1,1,1,1,1,1,1,1,1,1,1,1,1,1,1,1,1,1,1,1,1,1,1,1,1,1,1,1,1,1,1,1,1,1,1,1,1,1,1,1,1,1,1,1,1,1,1,1,1,1,1,1,1,1,1,1,1,1,1,1,1,1,1,1,1,1,1,1,1,1,1,1,1,1,1,1,1,1,1,1,1,1,1,1,1,1,1,1,1,1,1,1,1,1,1,1,1,1,1,1,1,1,1,1,1,1,1,1,1,1,1,1,1,1,1,1,1,1,1,1,1,1,1,1,1,1,1,1,1,1,1,1,1,1,1,1,1,1,1,1,1,1,1,1,1,1,1,1,1,1,1,1,1,1,1,1,1,1,1,1,1,1,1,1,1,1,1,1,1,1,1,1,1,1,1,1,1,1,1,1,1,1,1,1,1,1,1,1,1,1,1,1,1,1,1,1,1,1,1,1,1,1,1,1,1,1,1,1,1,1,1,1,1,1,1,1,1,1,1,1,1,1,1,1,1,1,1,1,1,1,1,1,1,1,1,1,1,1,1,1,1,1,1,1,1,1,1,1,1,1,1,1,1,1,1,1,1,1,1,1,1,1,1,1,1,1,1,1,1,1,1,1,1,1,1,1,1,1,1,1,1,1,1,1,1,1,1,1,1,1,1,1,1,1,1,1,1,1,1,1,1,1,1,1,1,1,1,1,1,1,1,1,1,1,1,1,1,1,1,1,1,1,1,1,1,1,1,1,1,1,1,1,1,1,1,1,1,1,1,1,1,1,1,1,1,1,1,1,1,1,1,1,1,1,1,1,1,1,1,1,1,1,1,1,1,1,1,1,1,1,1,1,1,1,1,1,1,1,1,1,1,1,1,1,1,1,1,1,1,1,1,1,1,1,1,1,1,1,1,1,1,1,1,1,1,1,1,1,1,1,1,1,1,1,1,1,1,1,1,1,1,1,1,1,1,1,1,1,1,1,1,1,1,1,1,1,1,1,1,1,1,1,1,1,1,1,1,1,1,1,1,1,1,1,1,1,1,1,1,1,1,1,1,1,1,1,1,1,1,1,1,1,1,1,1,1,1,1,1,1,1,1,1,1,1,1,1,1,1,1,1,1,1,1,1,1,1,1,1,1,1,1,1,1,1,1,1,1,1,1,1,1,1,1,1,1,1,1,1,1,1,1,1,1,1,1,1,1,1,1,1,1,1,1,1,1,1,1,1,1,1,1,1,1,1,1,1,1,1,1,1,1,1,1,1,1,1,1,1,1,1,1,1,1,1,1,1,1,1,1,1,1,1,1,1,1,1,1,1,1,1,1,1,1,1,1,1,1,1,1,1,1,1,1,1,1,1,1,1,1,1,1,1,1,1,1,1,1,1,1,1,1,1,1,1,1,1,1,1,1,1,1,1,1,1,1,1,1,1,1,1,1,1,1,1,1,1,1,1,1,1,1,1,1,1,1,1,1,1,1,1,1,1,1,1,1,1,1,1,1,1,1,1,1,1,1,1,1,1,1,1,1,1,1,1,1,1,1,1,1,1,1,1,1,1,1,1,1,1,1,1,1,1,1,1,1,1,1,1,1,1,1,1,1,1,1,1,1,1,1,1,1,1,1,1,1,1,1,1,1,1,1,1,1,1,1,1,1,1,1,1,1,1,1,1,1,1,1,1,1,1,1,1,1,1,1,1,1,1,1,1,1,1,1,1,1,1,1,1,1,1,1,1,1,1,1,1,1,1,1,1,1,1,1,1,1,1,1,1,1,1,1,1,1,1,1,1,1,1,1,1,1,1,1,1,1,1,1,1,1,1,1,1,1,1,1,1,1,1,1,1,1,1,1,1,1,1,1,1,1,1,1,1,1,1,1,1,1,1,1,1,1,1,1,1,1,1,1,1,1,1,1,1,1,1,1,1,1,1,1,1,1,1,1,1,1,1,1,1,1,1,1,1,1,1,1,1,1,1,1,1,1,1,1,1,1,1,1,1,1,1,1,1,1,1,1,1,1,1,1,1,1,1,1,1,1,1,1,1,1,1,1,1,1,1,1,1,1,1,1,1,1,1,1,1,1,1,1,1,1,1,1,1,1,1,1,1,1,1,1,1,1,1,1,1,1,1,1,1,1,1,1,1,1,1,1,1,1,1,1,1,1,1,1,1,1,1,1,1,1,1,1,1,1,1,1,1,1,1,1,1,1,1,1,1,1,1,1,1,1,1,1,1,1,1,1,1,1,1,1,1,1,1,1,1,1,1,1,1,1,1,1,1,1,1,1,1,1,1,1,1,1,1,1,1,1,1,1,1,1,1,1,1,1,1,1,1,1,1,1,1,1,1,1,1,1,1,1,1,1,1,1,1,1,1,1,1,1,1,1,1,1,1,1,1,1,1,1,1,1,1,1,1,1,1,1,1,1,1,1,1,1,1,1,1,1,1,1,1,1,1,1,1,1,1,1,1,1,1,1,1,1,1,1,1,1,1,1,1,1,1,1,1,1,1,1,1,1,1,1,1,1,1,1,1,1,1,1,1,1,1,1,1,1,1,1,1,1,1,1,1,1,1,1,1,1,1,1,1,1,1,1,1,1,1,1,1,1,1,1,1,1,1,1,1,1,1,1,1,1,1,1,1,1,1,1,1,1,1,1,1,1,1,1,1,1,1,1,1,1,1,1,1,1,1,1,1,1,1,1,1,1,1,1,1,1,1,1,1,1,1,1,1,1,1,1,1,1,1,1,1,1,1,1,1,1,1,1,1,1,1,1,1,1,1,1,1,1,1,1,1,1,1,1,1,1,1,1,1,1,1,1,1,1,1,1,1,1,1,1,1,1,1,1,1,1,1,1,1,1,1,1,1,1,1,1,1,1,1,1,1,1,1,1,1,1,1,1,1,1,1,1,1,1,1,1,1,1,1,1,1,1,1,1,1,1,1,1,1,1,1,1,1,1,1,1,1,1,1,1,1,1,1,1,1,1,1,1,1,1,1,1,1,1,1,1,1,1,1,1,1,1,1,1,1,1,1,1,1,1,1,1,1,1,1,1,1,1,1,1,1,1,1,1,1,1,1,1,1,1,1,1,1,1,1,1,1,1,1,1,1,1,1,1,1,1,1,1,1,1,1,1,1,1,1,1,1,1,1,1,1,1,1,1,1,1,1,1,1,1,1,1,1,1,1,1,
1,0,1,0,0,-1443381510,1,41.0,488,0,0,0,0,1,0,1,1,0,1,1,0,1,1,0,5,0,0,0,1,1,0,5,0,0,5,2,2,2,2,2,2,2,2,2,2,2,2,2,2,2,2,2,2,2,2,2,2,1,1,1,1,1,1,1,1,5,5,0,5,0,0,5,0,5,0,0,5,0,5,0,0,5,0,5,0,0,5,0,0,5,0,5,0,0,5,0,5,0,0,5,0,0,5,0,5,5,0,5,0,5,2,2,5,2,2,2,2,2,5,5,2,0,5,0,5,0,0,5,0,0,0,0,5,0,0,5,0,5,0,0,5,0,5,0,0,5,0,5,5,0,5,0,5,0,0,5,0,0,5,0,0,0,0,5,0,0,5,0,0,5,0,5,5,0,5,0,0,5,0,0,5,0,0,5,0,0,5,0,0,5,0,5,0,0,5,0,0,5,0,5,0,0,5,0,0,5,0,0,5,0,0,5,0,5,0,0,5,0,0,5,0,0,5,0,5,5,0,5,0,0,5,0,0,5,0,0,5,0,0,5,0,0,5,0,0,5,0,5,0,0,5,0,0,5,0,0,5,0,5,5,0,5,5,0,5,0,0,5,5,0,5,0,0,5,0,0,5,0,0,5,0,5,0,0,5,0,0,5,0,0,5,0,0,5,0,0,5,0,5,5,0,5,0,0,5,0,0,5,0,0,5,0,0,5,0,0,5,0,0,5,0,0,5,0,5,5,0,5,0,0,5,0,0,5,0,0,5,0,0,5,0,5,0,0,5,0,0,5,0,0,5,0,0,5,0,0,5,0,0,5,0,0,5,0,0,5,0,0,0,0,5,0,0,5,0,0,5,0,0,5,0,0,5,0,0,5,0,0,5,0,5,5,0,5,0,0,5,0,0,5,0,0,5,0,0,5,0,0,5,0,0,5,0,5,0,0,5,0,0,5,0,0,5,0,5,0,0,5,0,0,5,0,0,5,0,0,0,0,5,0,0,5,0,0,5,0,0,0,0,0,0,0,0,0,5,0,0,0,0,0,0,0,0,0,0,5,0,0,1,1,1,1,1,1,1,1,1,1,2,2,2,0,0,0,0,1,1,1,1,5,0,5,5,0,5,0,0,5,
1,1,0,42,1,-1037083309,0,0.0,119,0,0,0,0,0,0,0,0,0,0,0,0,0,0,0,0,0,0,0,0,0,0,0,0,0,0,0,0,0,0,0,0,0,0,0,0,0,0,0,0,0,0,0,0,0,0,0,0,0,0,0,0,0,0,0,0,0,0,0,0,0,0,0,0,0,0,0,0,0,0,0,0,0,0,0,0,0,0,0,0,0,0,0,0,0,0,0,0,0,0,0,0,0,0,0,0,0,0,0,0,0,0,0,0,0,0,0,0,0,0,0,0,0,3,3,0,0,0,0,3,
0,2,1,77,0,-766748033,0,29.0,468,1,2,5,2,3,4,3,2,2,5,1,3,4,1,2,5,2,2,2,4,5,2,5,2,2,5,2,2,2,1,4,1,1,4,4,3,5,2,1,2,4,5,3,5,1,3,2,5,3,2,4,4,2,4,4,4,4,3,5,2,3,4,3,5,2,2,2,1,3,3,5,3,2,4,3,5,5,2,4,2,4,5,1,1,4,4,3,5,5,3,2,4,5,4,4,3,5,5,4,5,4,3,1,3,5,5,5,4,3,5,2,1,1,2,4,4,1,1,4,2,5,2,3,5,5,5,1,4,5,2,3,3,4,2,1,3,5,5,4,2,2,3,5,5,5,4,1,2,1,5,3,5,4,2,5,1,3,4,5,3,5,1,4,4,5,3,1,1,5,3,4,4,4,4,3,5,4,2,3,1,2,2,5,1,5,3,4,2,3,5,3,1,3,3,3,2,2,1,3,2,2,4,5,5,1,1,3,5,5,3,1,1,5,3,1,3,5,4,5,5,3,5,5,4,5,3,4,5,4,2,1,3,3,4,2,1,4,5,1,4,1,5,2,5,3,1,1,2,5,3,1,4,4,3,2,2,1,1,5,3,1,1,5,5,2,5,3,3,3,3,2,1,1,3,4,4,3,1,5,5,1,5,5,5,4,5,2,5,3,2,3,4,1,1,3,5,5,1,2,1,3,3,1,2,5,3,5,2,5,2,2,4,3,2,3,4,1,2,5,4,3,3,1,4,4,5,4,3,3,4,2,5,3,2,3,5,5,5,1,2,5,2,1,5,2,5,2,2,5,5,5,3,3,1,2,4,3,5,4,4,3,3,2,4,5,5,3,3,5,5,3,1,2,4,5,3,2,5,2,1,4,5,1,4,2,3,4,5,5,3,2,5,5,4,5,2,1,1,3,2,4,3,4,5,5,2,3,5,4,5,3,1,5,3,1,4,5,1,5,3,4,5,4,1,2,1,1,2,2,3,4,2,3,5,1,4,5,5,5,1,5,3,1,5,4,1,3,5,4,5,1,2,2,5,3,4,1,5,1,4,4,1,2,2,4,3,2,2,4,
0,0,0,0,3,1150725231,1,40.0,344,5,5,5,5,5,5,5,5,5,5,5,5,5,5,5,5,5,5,5,5,5,5,5,5,5,5,5,5,5,5,5,5,5,5,5,5,5,5,5,5,5,5,5,5,5,5,5,5,5,5,5,5,5,5,5,5,5,5,5,5,5,5,5,5,5,5,5,5,5,5,5,5,5,5,5,5,5,5,5,5,5,5,5,5,5,5,5,5,5,5,5,5,5,5,5,5,5,5,5,5,5,5,5,5,5,5,5,5,5,5,5,5,5,5,5,5,5,5,5,5,5,5,5,5,5,5,5,5,5,5,5,5,5,5,5,5,5,5,5,5,5,5,5,5,5,5,5,5,5,5,5,5,5,5,5,5,5,5,5,5,5,5,5,5,5,5,5,5,5,5,5,5,5,5,5,5,5,5,5,5,5,5,5,5,5,5,5,5,5,5,5,5,5,5,5,5,5,5,5,5,5,5,5,5,5,5,5,5,5,5,5,5,5,5,5,5,5,5,5,5,5,5,5,5,5,5,5,5,5,5,5,5,5,5,5,5,5,5,5,5,5,5,5,5,5,5,5,5,5,5,5,5,5,5,5,5,5,5,5,5,5,5,5,5,5,5,5,5,5,5,5,5,5,5,5,5,5,5,5,5,5,5,5,5,5,5,5,5,5,5,5,5,5,5,5,5,5,5,5,5,5,5,5,5,5,5,5,5,5,5,5,5,5,5,5,5,5,5,5,5,5,5,5,5,5,5,5,5,5,5,5,5,5,5,5,5,5,5,5,5,5,5,5,5,5,
1,0,1,42,1,-356218268,0,0.0,16,0,0,0,0,0,0,0,0,2,0,0,0,0,0,0,3,3,
